Workbook
Name Slicer_Hospital_tier: #N/A

Sheet Customer Names
A1: Customer ID | B1: name
A2: Id1 | B2: Hawks, Ms. Kelly
A3: Id2 | B3: Lehner, Mr. Matthew D
A4: Id3 | B4: Lu, Mr. Phil
A5: Id4 | B5: Osborne, Ms. Kelsey
A6: Id5 | B6: Kadala, Ms. Kristyn
A7: Id6 | B7: Baker, Mr. Russell B.
A8: Id7 | B8: Macpherson, Mr. Scott
A9: Id8 | B9: Hallman, Mr. Stephen
A10: Id9 | B10: Moran, Mr. Patrick R.
A11: Id10 | B11: Benner, Ms. Brooke N.
A12: Id11 | B12: Fierro Vargas, Ms. Paola Andrea
... A2336: Id2335 | B2336: German, Mr. Aaron K

Sheet Medical Examinations
A1: Customer ID | B1: BMI | C1: HBA1C | D1: Heart Issues | E1: Any Transplants | F1: Cancer history | G1: NumberOfMajorSurgeries | H1: smoker
A2: Id1 | B2: 47.41 | C2: 7.47 | D2: No | E2: No | F2: No | G2: No major surgery | H2: yes
A3: Id2 | B3: 30.36 | C3: 5.77 | D3: No | E3: No | F3: No | G3: No major surgery | H3: yes
A4: Id4 | B4: 38.095 | C4: 6.05 | D4: No | E4: No | F4: No | G4: No major surgery | H4: yes
A5: Id5 | B5: 35.53 | C5: 5.45 | D5: No | E5: No | F5: No | G5: No major surgery | H5: yes
A6: Id6 | B6: 32.8 | C6: 6.59 | D6: No | E6: No | F6: No | G6: No major surgery | H6: yes
A7: Id7 | B7: 36.4 | C7: 6.07 | D7: No | E7: No | F7: No | G7: No major surgery | H7: yes
A8: Id8 | B8: 36.96 | C8: 7.93 | D8: No | E8: No | F8: No | G8: 3 | H8: yes
A9: Id10 | B9: 38.06 | C9: 10.79 | D9: No | E9: No | F9: No | G9: No major surgery | H9: yes
A10: Id12 | B10: 42.13 | C10: 11.9 | D10: No | E10: No | F10: No | G10: No major surgery | H10: yes
A11: Id13 | B11: 40.92 | C11: 8.41 | D11: No | E11: No | F11: No | G11: No major surgery | H11: yes
A12: Id14 | B12: 40.565 | C12: 7.02 | D12: No | E12: No | F12: No | G12: No major surgery | H12: yes
A13: Id16 | B13: 39.9 | C13: 11.32 | D13: No | E13: No | F13: No | G13: No major surgery | H13: yes
A14: Id17 | B14: 33.8 | C14: 7.67 | D14: No | E14: No | F14: No | G14: 3 | H14: yes
A15: Id20 | B15: 42.9 | C15: 11.41 | D15: No | E15: No | F15: No | G15: No major surgery | H15: yes
A16: Id23 | B16: 31.3 | C16: 11.38 | D16: No | E16: No | F16: No | G16: 3 | H16: yes
A17: Id26 | B17: 33.88 | C17: 7.01 | D17: No | E17: No | F17: No | G17: 3 | H17: yes
A18: Id27 | B18: 30.875 | C18: 11.88 | D18: No | E18: No | F18: No | G18: No major surgery | H18: yes
A19: Id30 | B19: 37.05 | C19: 8.44 | D19: No | E19: No | F19: No | G19: No major surgery | H19: yes
A20: Id31 | B20: 43.89 | C20: 8.71 | D20: No | E20: No | F20: No | G20: No major surgery | H20: yes
A21: Id33 | B21: 31.35 | C21: 6.86 | D21: No | E21: No | F21: No | G21: No major surgery | H21: yes
A22: Id35 | B22: 46.2 | C22: 6.09 | D22: No | E22: No | F22: Yes | G22: 1 | H22: yes
A23: Id36 | B23: 32.015 | C23: 11.75 | D23: No | E23: No | F23: No | G23: No major surgery | H23: yes
A24: Id37 | B24: 40.565 | C24: 7.37 | D24: No | E24: No | F24: No | G24: No major surgery | H24: yes
A25: Id38 | B25: 32.45 | C25: 11.91 | D25: No | E25: No | F25: No | G25: No major surgery | H25: yes
A26: Id39 | B26: 34.96 | C26: 6.52 | D26: No | E26: No | F26: No | G26: No major surgery | H26: yes
A27: Id40 | B27: 35.5 | C27: 5.14 | D27: No | E27: No | F27: Yes | G27: 1 | H27: yes
A28: Id41 | B28: 52.58 | C28: 4.19 | D28: No | E28: yes | F28: No | G28: 1 | H28: yes
A29: Id43 | B29: 38.06 | C29: 6.98 | D29: No | E29: No | F29: No | G29: No major surgery | H29: yes
A30: Id44 | B30: 34.21 | C30: 8.34 | D30: No | E30: No | F30: No | G30: No major surgery | H30: yes
A31: Id48 | B31: 40.37 | C31: 4.47 | D31: No | E31: No | F31: No | G31: No major surgery | H31: yes
A32: Id52 | B32: 31.16 | C32: 9.34 | D32: No | E32: No | F32: No | G32: No major surgery | H32: yes
A33: Id54 | B33: 51.93 | C33: 11.05 | D33: No | E33: No | F33: No | G33: No major surgery | H33: yes
A34: Id55 | B34: 38.95 | C34: 11.95 | D34: No | E34: No | F34: No | G34: No major surgery | H34: yes
A35: Id57 | B35: 34.2 | C35: 5.75 | D35: No | E35: No | F35: No | G35: 2 | H35: yes
A36: Id58 | B36: 50.63 | C36: 11.89 | D36: No | E36: No | F36: No | G36: No major surgery | H36: yes
A37: Id59 | B37: 36.48 | C37: 6.2 | D37: No | E37: No | F37: No | G37: No major surgery | H37: yes
A38: Id60 | B38: 54.82 | C38: 10.61 | D38: No | E38: No | F38: No | G38: No major surgery | H38: yes
A39: Id61 | B39: 38.06 | C39: 6.04 | D39: No | E39: No | F39: Yes | G39: 1 | H39: yes
A40: Id63 | B40: 52.06 | C40: 11.47 | D40: No | E40: No | F40: No | G40: No major surgery | H40: yes
A41: Id66 | B41: 54.99 | C41: 8.68 | D41: No | E41: No | F41: No | G41: 2 | H41: yes
A42: Id67 | B42: 35.97 | C42: 6.12 | D42: No | E42: No | F42: Yes | G42: 1 | H42: yes
A43: Id70 | B43: 30.8 | C43: 9.77 | D43: No | E43: No | F43: No | G43: No major surgery | H43: yes
A44: Id71 | B44: 38.39 | C44: 4.25 | D44: No | E44: No | F44: No | G44: 1 | H44: yes
A45: Id72 | B45: 32.3 | C45: 4.76 | D45: No | E45: No | F45: No | G45: 2 | H45: yes
A46: Id74 | B46: 45.5 | C46: 7.96 | D46: No | E46: No | F46: No | G46: No major surgery | H46: yes
A47: Id78 | B47: 54.12 | C47: 11.57 | D47: No | E47: No | F47: No | G47: No major surgery | H47: yes
A48: Id80 | B48: 51.01 | C48: 9.2 | D48: No | E48: No | F48: No | G48: No major surgery | H48: yes
A49: Id82 | B49: 52.9 | C49: 5.34 | D49: No | E49: No | F49: No | G49: No major surgery | H49: yes
A50: Id85 | B50: 31.825 | C50: 4.06 | D50: No | E50: No | F50: No | G50: 2 | H50: yes
A51: Id86 | B51: 51.28 | C51: 4.68 | D51: No | E51: No | F51: No | G51: 2 | H51: yes
A52: Id87 | B52: 34.96 | C52: 4.34 | D52: No | E52: No | F52: Yes | G52: 1 | H52: yes
A53: Id88 | B53: 33.11 | C53: 10.51 | D53: No | E53: No | F53: No | G53: No major surgery | H53: yes
A54: Id90 | B54: 32.56 | C54: 5.41 | D54: No | E54: No | F54: Yes | G54: 1 | H54: yes
A55: Id91 | B55: 39.05 | C55: 6.06 | D55: No | E55: No | F55: No | G55: 1 | H55: yes
A56: Id92 | B56: 42.75 | C56: 4.22 | D56: No | E56: No | F56: No | G56: No major surgery | H56: yes
A57: Id93 | B57: 50.58 | C57: 5.12 | D57: No | E57: No | F57: No | G57: 2 | H57: yes
A58: Id99 | B58: 41.51 | C58: 6.92 | D58: No | E58: No | F58: No | G58: No major surgery | H58: yes
A59: Id100 | B59: 48.2 | C59: 4.84 | D59: No | E59: No | F59: No | G59: No major surgery | H59: yes
A60: Id103 | B60: 49.48 | C60: 4.96 | D60: No | E60: No | F60: Yes | G60: 1 | H60: yes
A61: Id107 | B61: 50.07 | C61: 9.27 | D61: No | E61: No | F61: No | G61: No major surgery | H61: yes
A62: Id108 | B62: 32.775 | C62: 5.53 | D62: No | E62: No | F62: No | G62: No major surgery | H62: yes
A63: Id109 | B63: 34.105 | C63: 5.07 | D63: No | E63: No | F63: No | G63: 1 | H63: yes
A64: Id114 | B64: 36.67 | C64: 5.18 | D64: No | E64: No | F64: No | G64: 1 | H64: yes
A65: Id115 | B65: 30.9 | C65: 9.4 | D65: No | E65: No | F65: No | G65: 2 | H65: yes
A66: Id116 | B66: 30.495 | C66: 6.29 | D66: No | E66: No | F66: No | G66: No major surgery | H66: yes
A67: Id117 | B67: 44.88 | C67: 6.04 | D67: No | E67: No | F67: Yes | G67: 1 | H67: yes
A68: Id118 | B68: 44.32 | C68: 10.55 | D68: No | E68: No | F68: No | G68: No major surgery | H68: yes
A69: Id119 | B69: 46.39 | C69: 5.09 | D69: No | E69: No | F69: No | G69: No major surgery | H69: yes
A70: Id122 | B70: 31.35 | C70: 9.54 | D70: No | E70: No | F70: No | G70: No major surgery | H70: yes
A71: Id124 | B71: 48 | C71: 10.54 | D71: No | E71: No | F71: No | G71: No major surgery | H71: yes
A72: Id125 | B72: 49.13 | C72: 4.54 | D72: No | E72: No | F72: No | G72: No major surgery | H72: yes
A73: Id126 | B73: 37.8 | C73: 6.29 | D73: No | E73: No | F73: No | G73: 1 | H73: yes
A74: Id127 | B74: 38.3 | C74: 9.51 | D74: No | E74: No | F74: No | G74: No major surgery | H74: yes
A75: Id128 | B75: 32.775 | C75: 4.72 | D75: No | E75: No | F75: No | G75: No major surgery | H75: yes
A76: Id130 | B76: 30.2 | C76: 9.58 | D76: No | E76: No | F76: No | G76: No major surgery | H76: yes
A77: Id131 | B77: 48.32 | C77: 5.77 | D77: No | E77: No | F77: No | G77: No major surgery | H77: yes
A78: Id133 | B78: 52.15 | C78: 5.65 | D78: No | E78: No | F78: No | G78: 1 | H78: yes
A79: Id136 | B79: 46.85 | C79: 4.25 | D79: No | E79: No | F79: Yes | G79: 1 | H79: yes
A80: Id137 | B80: 42.24 | C80: 5.55 | D80: No | E80: yes | F80: No | G80: 1 | H80: yes
A81: Id138 | B81: 34.39 | C81: 5.78 | D81: No | E81: No | F81: No | G81: No major surgery | H81: yes
A82: Id140 | B82: 36.3 | C82: 5.39 | D82: No | E82: No | F82: No | G82: No major surgery | H82: yes
A83: Id142 | B83: 53.62 | C83: 5.21 | D83: No | E83: No | F83: No | G83: No major surgery | H83: yes
A84: Id143 | B84: 36.67 | C84: 6.27 | D84: No | E84: No | F84: No | G84: No major surgery | H84: yes
A85: Id145 | B85: 42.71 | C85: 10.52 | D85: No | E85: No | F85: No | G85: No major surgery | H85: yes
A86: Id147 | B86: 39.4 | C86: 6.76 | D86: No | E86: No | F86: No | G86: No major surgery | H86: yes
A87: Id148 | B87: 46.45 | C87: 5.62 | D87: No | E87: No | F87: No | G87: No major surgery | H87: yes
A88: Id149 | B88: 35.75 | C88: 4.19 | D88: No | E88: No | F88: No | G88: No major surgery | H88: yes
A89: Id150 | B89: 26.07 | C89: 5.32 | D89: No | E89: No | F89: No | G89: No major surgery | H89: yes
A90: Id152 | B90: 51.64 | C90: 5.65 | D90: No | E90: No | F90: No | G90: No major surgery | H90: yes
A91: Id153 | B91: 42.83 | C91: 6.04 | D91: No | E91: No | F91: No | G91: 2 | H91: yes
A92: Id154 | B92: 40.15 | C92: 5.76 | D92: No | E92: No | F92: No | G92: 1 | H92: yes
A93: Id155 | B93: 27.8 | C93: 4.36 | D93: No | E93: No | F93: Yes | G93: 1 | H93: yes
A94: Id161 | B94: 42.82 | C94: 4.21 | D94: No | E94: No | F94: No | G94: No major surgery | H94: yes
A95: Id162 | B95: 33.63 | C95: 5.42 | D95: No | E95: No | F95: No | G95: No major surgery | H95: yes
A96: Id163 | B96: 37.07 | C96: 4.28 | D96: No | E96: yes | F96: No | G96: 1 | H96: yes
A97: Id164 | B97: 35.625 | C97: 8.9 | D97: No | E97: No | F97: No | G97: No major surgery | H97: yes
A98: Id165 | B98: 42.69 | C98: 4.89 | D98: No | E98: No | F98: Yes | G98: 1 | H98: yes
A99: Id169 | B99: 49.49 | C99: 4.5 | D99: No | E99: No | F99: No | G99: No major surgery | H99: yes
A100: Id172 | B100: 33.5 | C100: 5.4 | D100: No | E100: No | F100: No | G100: No major surgery | H100: yes
...

Sheet Hospitalisation Details
A1: Customer ID | B1: year | C1: month | D1: date | E1: children | F1: charges | G1: Hospital tier | H1: City tier | I1: State ID
A2: Id2335 | B2: 1992 | C2: Jul | D2: 9 | E2: 0 | F2: 563.84 | G2: tier - 2 | H2: tier - 3 | I2: R1013
A3: Id2334 | B3: 1992 | C3: Nov | D3: 30 | E3: 0 | F3: 570.62 | G3: tier - 2 | H3: tier - 1 | I3: R1013
A4: Id2333 | B4: 1993 | C4: Jun | D4: 30 | E4: 0 | F4: 600 | G4: tier - 2 | H4: tier - 1 | I4: R1013
A5: Id2332 | B5: 1992 | C5: Sep | D5: 13 | E5: 0 | F5: 604.54 | G5: tier - 3 | H5: tier - 3 | I5: R1013
A6: Id2331 | B6: 1998 | C6: Jul | D6: 27 | E6: 0 | F6: 637.26 | G6: tier - 3 | H6: tier - 3 | I6: R1013
A7: Id2330 | B7: 2001 | C7: Nov | D7: 20 | E7: 0 | F7: 646.14 | G7: tier - 3 | H7: tier - 3 | I7: R1012
A8: Id2329 | B8: 1993 | C8: Jun | D8: 1 | E8: 0 | F8: 650 | G8: tier - 3 | H8: tier - 3 | I8: R1013
A9: Id2328 | B9: 1995 | C9: Jul | D9: 4 | E9: 0 | F9: 650 | G9: tier - 3 | H9: tier - 3 | I9: R1013
A10: Id2327 | B10: 2002 | C10: Nov | D10: 29 | E10: 0 | F10: 668 | G10: tier - 3 | H10: tier - 2 | I10: R1012
A11: Id2326 | B11: 1997 | C11: Nov | D11: 9 | E11: 0 | F11: 670 | G11: tier - 3 | H11: tier - 3 | I11: R1013
A12: Id2325 | B12: 2001 | C12: Sep | D12: 12 | E12: 0 | F12: 687.54 | G12: tier - 3 | H12: tier - 2 | I12: R1013
A13: Id2324 | B13: 1999 | C13: Dec | D13: 26 | E13: 0 | F13: 700 | G13: unknown | H13: tier - 3 | I13: R1013
... A2344: Id1 | B2344: 1968 | C2344: Oct | D2344: 12 | E2344: 0 | F2344: 63770.43 | G2344: tier - 1 | H2344: tier - 3 | I2344: R1013

Sheet Data cleaning
A1: Customer ID | B1: BMI | C1: HBA1C | D1: Heart Issues | E1: Any Transplants | F1: Cancer history | G1: NumberOfMajorSurgeries | H1: smoker | I1: Customer ID | J1: year | L1: month | M1: blank with sep | N1: date | O1: children | P1: charges | Q1: Hospital tier | R1: City tier | S1: State ID | U1: Check for the number of missing values marked with '?' in each column of the “Medical Examinations” Table and "Hospitalization Details" Table. | AI1: =COUNTBLANK(A1:S2344) -> 82
A2: Id1 | B2: 47.41 | C2: 7.47 | D2: No | E2: No | F2: No | G2: No major surgery | H2: yes | I2: Id2335 | J2: 1992 | K2: =IF(ISBLANK(J2),AVERAGE(J2:J7),J2) -> 1992 | L2: Jul | M2: =IF(ISBLANK(L2),"sep",L2) -> Jul | N2: 9 | O2: 0 | P2: 563.84 | Q2: tier - 2 | R2: tier - 3 | S2: R1013 | T2: =IF(ISBLANK(S2),"unknown",S2) -> R1013
A3: Id2 | B3: 30.36 | C3: 5.77 | D3: No | E3: No | F3: No | G3: No major surgery | H3: yes | I3: Id2334 | J3: 1992 | K3: =IF(ISBLANK(J3),AVERAGE(J3:J8),J3) -> 1992 | L3: Nov | M3: =IF(ISBLANK(L3),"sep",L3) -> Nov | N3: 30 | O3: 0 | P3: 570.62 | Q3: tier - 2 | R3: tier - 1 | S3: R1013 | T3: =IF(ISBLANK(S3),"unknown",S3) -> R1013
A4: Id3 | B4: 34.485 | C4: 11.87 | D4: yes | E4: No | F4: No | G4: 2 | H4: yes | I4: Id2333 | J4: 1993 | K4: =IF(ISBLANK(J4),AVERAGE(J4:J9),J4) -> 1993 | L4: Jun | M4: =IF(ISBLANK(L4),"sep",L4) -> Jun | N4: 30 | O4: 0 | P4: 600 | Q4: tier - 2 | R4: tier - 1 | S4: R1013 | T4: =IF(ISBLANK(S4),"unknown",S4) -> R1013
A5: Id4 | B5: 38.095 | C5: 6.05 | D5: No | E5: No | F5: No | G5: No major surgery | H5: yes | I5: Id2332 | J5: 1992 | K5: =IF(ISBLANK(J5),AVERAGE(J5:J10),J5) -> 1992 | L5: Sep | M5: =IF(ISBLANK(L5),"sep",L5) -> Sep | N5: 13 | O5: 0 | P5: 604.54 | Q5: tier - 3 | R5: tier - 3 | S5: R1013 | T5: =IF(ISBLANK(S5),"unknown",S5) -> R1013
A6: Id5 | B6: 35.53 | C6: 5.45 | D6: No | E6: No | F6: No | G6: No major surgery | H6: yes | I6: Id2331 | J6: 1998 | K6: =IF(ISBLANK(J6),AVERAGE(J6:J11),J6) -> 1998 | L6: Jul | M6: =IF(ISBLANK(L6),"sep",L6) -> Jul | N6: 27 | O6: 0 | P6: 637.26 | Q6: tier - 3 | R6: tier - 3 | S6: R1013 | T6: =IF(ISBLANK(S6),"unknown",S6) -> R1013
A7: Id6 | B7: 32.8 | C7: 6.59 | D7: No | E7: No | F7: No | G7: No major surgery | H7: yes | I7: Id2330 | J7: 2001 | K7: =IF(ISBLANK(J7),AVERAGE(J7:J12),J7) -> 2001 | L7: Nov | M7: =IF(ISBLANK(L7),"sep",L7) -> Nov | N7: 20 | O7: 0 | P7: 646.14 | Q7: tier - 3 | R7: tier - 3 | S7: R1012 | T7: =IF(ISBLANK(S7),"unknown",S7) -> R1012
A8: Id7 | B8: 36.4 | C8: 6.07 | D8: No | E8: No | F8: No | G8: No major surgery | H8: yes | I8: Id2329 | J8: 1993 | K8: =IF(ISBLANK(J8),AVERAGE(J8:J13),J8) -> 1993 | L8: Jun | M8: =IF(ISBLANK(L8),"sep",L8) -> Jun | N8: 1 | O8: 0 | P8: 650 | Q8: tier - 3 | R8: tier - 3 | S8: R1013 | T8: =IF(ISBLANK(S8),"unknown",S8) -> R1013
A9: Id8 | B9: 36.96 | C9: 7.93 | D9: No | E9: No | F9: No | G9: 3 | H9: yes | I9: Id2328 | J9: 1995 | K9: =IF(ISBLANK(J9),AVERAGE(J9:J14),J9) -> 1995 | L9: Jul | M9: =IF(ISBLANK(L9),"sep",L9) -> Jul | N9: 4 | O9: 0 | P9: 650 | Q9: tier - 3 | R9: tier - 3 | S9: R1013 | T9: =IF(ISBLANK(S9),"unknown",S9) -> R1013
A10: Id9 | B10: 41.14 | C10: 9.58 | D10: yes | E10: No | F10: Yes | G10: 1 | H10: yes | I10: Id2327 | J10: 2002 | K10: =IF(ISBLANK(J10),AVERAGE(J10:J15),J10) -> 2002 | L10: Nov | M10: =IF(ISBLANK(L10),"sep",L10) -> Nov | N10: 29 | O10: 0 | P10: 668 | Q10: tier - 3 | R10: tier - 2 | S10: R1012 | T10: =IF(ISBLANK(S10),"unknown",S10) -> R1012
A11: Id10 | B11: 38.06 | C11: 10.79 | D11: No | E11: No | F11: No | G11: No major surgery | H11: yes | I11: Id2326 | J11: 1997 | K11: =IF(ISBLANK(J11),AVERAGE(J11:J16),J11) -> 1997 | L11: Nov | M11: =IF(ISBLANK(L11),"sep",L11) -> Nov | N11: 9 | O11: 0 | P11: 670 | Q11: tier - 3 | R11: tier - 3 | S11: R1013 | T11: =IF(ISBLANK(S11),"unknown",S11) -> R1013
A12: Id11 | B12: 37.7 | C12: 5.96 | D12: yes | E12: No | F12: No | G12: 2 | H12: yes | I12: Id2325 | J12: 2001 | K12: =IF(ISBLANK(J12),AVERAGE(J12:J17),J12) -> 2001 | L12: Sep | M12: =IF(ISBLANK(L12),"sep",L12) -> Sep | N12: 12 | O12: 0 | P12: 687.54 | Q12: tier - 3 | R12: tier - 2 | S12: R1013 | T12: =IF(ISBLANK(S12),"unknown",S12) -> R1013
A13: Id12 | B13: 42.13 | C13: 11.9 | D13: No | E13: No | F13: No | G13: No major surgery | H13: yes | I13: Id2324 | J13: 1999 | K13: =IF(ISBLANK(J13),AVERAGE(J13:J18),J13) -> 1999 | L13: Dec | M13: =IF(ISBLANK(L13),"sep",L13) -> Dec | N13: 26 | O13: 0 | P13: 700 | R13: tier - 3 | S13: R1013 | T13: =IF(ISBLANK(S13),"unknown",S13) -> R1013
A14: Id13 | B14: 40.92 | C14: 8.41 | D14: No | E14: No | F14: No | G14: No major surgery | H14: yes | I14: Id2323 | J14: 1999 | K14: =IF(ISBLANK(J14),AVERAGE(J14:J19),J14) -> 1999 | L14: Dec | M14: =IF(ISBLANK(L14),"sep",L14) -> Dec | N14: 14 | O14: 0 | P14: 722.99 | Q14: tier - 3 | R14: tier - 1 | S14: R1013 | T14: =IF(ISBLANK(S14),"unknown",S14) -> R1013
A15: Id14 | B15: 40.565 | C15: 7.02 | D15: No | E15: No | F15: No | G15: No major surgery | H15: yes | I15: Id2322 | J15: 2002 | K15: =IF(ISBLANK(J15),AVERAGE(J15:J20),J15) -> 2002 | M15: =IF(ISBLANK(L15),"sep",L15) -> sep | N15: 19 | O15: 0 | P15: 750 | Q15: tier - 3 | R15: tier - 1 | S15: R1012 | T15: =IF(ISBLANK(S15),"unknown",S15) -> R1012
A16: Id15 | B16: 36.385 | C16: 7.59 | D16: yes | E16: No | F16: No | G16: 2 | H16: yes | I16: Id2321 | J16: 1993 | K16: =IF(ISBLANK(J16),AVERAGE(J16:J21),J16) -> 1993 | L16: Aug | M16: =IF(ISBLANK(L16),"sep",L16) -> Aug | N16: 9 | O16: 0 | P16: 760 | Q16: tier - 3 | R16: tier - 1 | S16: R1013 | T16: =IF(ISBLANK(S16),"unknown",S16) -> R1013
A17: Id16 | B17: 39.9 | C17: 11.32 | D17: No | E17: No | F17: No | G17: No major surgery | H17: yes | I17: Id2320 | J17: 1996 | K17: =IF(ISBLANK(J17),AVERAGE(J17:J22),J17) -> 1996 | L17: Oct | M17: =IF(ISBLANK(L17),"sep",L17) -> Oct | N17: 22 | O17: 0 | P17: 760 | Q17: tier - 3 | R17: tier - 3 | S17: R1013 | T17: =IF(ISBLANK(S17),"unknown",S17) -> R1013
A18: Id17 | B18: 33.8 | C18: 7.67 | D18: No | E18: No | F18: No | G18: 3 | H18: yes | I18: Id2319 | J18: 1993 | K18: =IF(ISBLANK(J18),AVERAGE(J18:J23),J18) -> 1993 | L18: Jun | M18: =IF(ISBLANK(L18),"sep",L18) -> Jun | N18: 28 | O18: 0 | P18: 770 | Q18: tier - 3 | R18: tier - 3 | S18: R1013 | T18: =IF(ISBLANK(S18),"unknown",S18) -> R1013
A19: Id18 | B19: 36.765 | C19: 7.29 | D19: yes | E19: No | F19: Yes | G19: 1 | H19: yes | I19: Id2318 | J19: 1996 | K19: =IF(ISBLANK(J19),AVERAGE(J19:J24),J19) -> 1996 | M19: =IF(ISBLANK(L19),"sep",L19) -> sep | N19: 18 | O19: 0 | P19: 770.38 | Q19: tier - 3 | S19: R1012 | T19: =IF(ISBLANK(S19),"unknown",S19) -> R1012
A20: Id19 | B20: 36.955 | C20: 4.72 | D20: yes | E20: No | F20: No | G20: 1 | H20: yes | I20: Id2317 | J20: 1995 | K20: =IF(ISBLANK(J20),AVERAGE(J20:J25),J20) -> 1995 | L20: Dec | M20: =IF(ISBLANK(L20),"sep",L20) -> Dec | N20: 7 | O20: 0 | P20: 773.54 | Q20: tier - 3 | R20: tier - 2 | S20: R1013 | T20: =IF(ISBLANK(S20),"unknown",S20) -> R1013
A21: Id20 | B21: 42.9 | C21: 11.41 | D21: No | E21: No | F21: No | G21: No major surgery | H21: yes | I21: Id2316 | J21: 2004 | K21: =IF(ISBLANK(J21),AVERAGE(J21:J26),J21) -> 2004 | L21: Oct | M21: =IF(ISBLANK(L21),"sep",L21) -> Oct | N21: 7 | O21: 0 | P21: 830.52 | Q21: tier - 3 | R21: tier - 2 | S21: R1011 | T21: =IF(ISBLANK(S21),"unknown",S21) -> R1011
A22: Id21 | B22: 36.3 | C22: 11.5 | D22: yes | E22: No | F22: No | G22: 2 | H22: yes | I22: Id2315 | J22: 2000 | K22: =IF(ISBLANK(J22),AVERAGE(J22:J27),J22) -> 2000 | L22: Nov | M22: =IF(ISBLANK(L22),"sep",L22) -> Nov | N22: 18 | O22: 0 | P22: 865.41 | Q22: tier - 3 | R22: tier - 1 | S22: R1013 | T22: =IF(ISBLANK(S22),"unknown",S22) -> R1013
A23: Id22 | B23: 32.2 | C23: 6.22 | D23: yes | E23: No | F23: No | G23: 2 | H23: yes | I23: Id2314 | J23: 1993 | K23: =IF(ISBLANK(J23),AVERAGE(J23:J28),J23) -> 1993 | L23: Nov | M23: =IF(ISBLANK(L23),"sep",L23) -> Nov | N23: 27 | O23: 0 | P23: 896.21 | Q23: tier - 3 | R23: tier - 1 | S23: R1013 | T23: =IF(ISBLANK(S23),"unknown",S23) -> R1013
A24: Id23 | B24: 31.3 | C24: 11.38 | D24: No | E24: No | F24: No | G24: 3 | H24: yes | I24: Id2313 | J24: 1994 | K24: =IF(ISBLANK(J24),AVERAGE(J24:J29),J24) -> 1994 | L24: Oct | M24: =IF(ISBLANK(L24),"sep",L24) -> Oct | N24: 30 | O24: 0 | P24: 915.07 | Q24: tier - 3 | R24: tier - 1 | S24: R1013 | T24: =IF(ISBLANK(S24),"unknown",S24) -> R1013
A25: Id24 | B25: 41.8 | C25: 7.89 | D25: yes | E25: No | F25: No | G25: 2 | H25: yes | I25: Id2312 | J25: 1995 | K25: =IF(ISBLANK(J25),AVERAGE(J25:J30),J25) -> 1995 | L25: Oct | M25: =IF(ISBLANK(L25),"sep",L25) -> Oct | N25: 28 | O25: 0 | P25: 928.59 | Q25: tier - 3 | R25: tier - 1 | S25: R1013 | T25: =IF(ISBLANK(S25),"unknown",S25) -> R1013
A26: Id25 | B26: 35.09 | C26: 4.38 | D26: yes | E26: No | F26: No | G26: 2 | H26: yes | I26: Id2311 | J26: 2001 | K26: =IF(ISBLANK(J26),AVERAGE(J26:J31),J26) -> 2001 | L26: Aug | M26: =IF(ISBLANK(L26),"sep",L26) -> Aug | N26: 19 | O26: 0 | P26: 964.71 | Q26: tier - 3 | R26: tier - 2 | S26: R1013 | T26: =IF(ISBLANK(S26),"unknown",S26) -> R1013
A27: Id26 | B27: 33.88 | C27: 7.01 | D27: No | E27: No | F27: No | G27: 3 | H27: yes | I27: Id2310 | J27: 1994 | K27: =IF(ISBLANK(J27),AVERAGE(J27:J32),J27) -> 1994 | L27: Nov | M27: =IF(ISBLANK(L27),"sep",L27) -> Nov | N27: 22 | O27: 0 | P27: 1006.65 | Q27: tier - 3 | R27: tier - 2 | S27: R1013 | T27: =IF(ISBLANK(S27),"unknown",S27) -> R1013
A28: Id27 | B28: 30.875 | C28: 11.88 | D28: No | E28: No | F28: No | G28: No major surgery | H28: yes | I28: Id2309 | J28: 2000 | K28: =IF(ISBLANK(J28),AVERAGE(J28:J33),J28) -> 2000 | L28: Oct | M28: =IF(ISBLANK(L28),"sep",L28) -> Oct | N28: 9 | O28: 0 | P28: 1012 | Q28: tier - 3 | R28: tier - 2 | S28: R1013 | T28: =IF(ISBLANK(S28),"unknown",S28) -> R1013
A29: Id28 | B29: 36.86 | C29: 5.19 | D29: yes | E29: No | F29: Yes | G29: 1 | H29: yes | I29: Id2308 | J29: 1999 | K29: =IF(ISBLANK(J29),AVERAGE(J29:J34),J29) -> 1999 | L29: Aug | M29: =IF(ISBLANK(L29),"sep",L29) -> Aug | N29: 5 | O29: 0 | P29: 1019 | Q29: tier - 3 | R29: tier - 2 | S29: R1013 | T29: =IF(ISBLANK(S29),"unknown",S29) -> R1013
A30: Id29 | B30: 35.86 | C30: 6.74 | D30: yes | E30: No | F30: No | G30: 2 | H30: yes | I30: Id2307 | J30: 1995 | K30: =IF(ISBLANK(J30),AVERAGE(J30:J35),J30) -> 1995 | L30: Oct | M30: =IF(ISBLANK(L30),"sep",L30) -> Oct | N30: 5 | O30: 0 | P30: 1033.74 | Q30: tier - 3 | R30: tier - 1 | S30: R1013 | T30: =IF(ISBLANK(S30),"unknown",S30) -> R1013
A31: Id30 | B31: 37.05 | C31: 8.44 | D31: No | E31: No | F31: No | G31: No major surgery | H31: yes | I31: Id2306 | J31: 1994 | K31: =IF(ISBLANK(J31),AVERAGE(J31:J36),J31) -> 1994 | L31: Nov | M31: =IF(ISBLANK(L31),"sep",L31) -> Nov | N31: 17 | O31: 0 | P31: 1044 | Q31: tier - 3 | R31: tier - 2 | S31: R1013 | T31: =IF(ISBLANK(S31),"unknown",S31) -> R1013
A32: Id31 | B32: 43.89 | C32: 8.71 | D32: No | E32: No | F32: No | G32: No major surgery | H32: yes | I32: Id2305 | J32: 2002 | K32: =IF(ISBLANK(J32),AVERAGE(J32:J37),J32) -> 2002 | L32: Jul | M32: =IF(ISBLANK(L32),"sep",L32) -> Jul | N32: 20 | O32: 0 | P32: 1047 | Q32: tier - 3 | R32: tier - 1 | S32: R1013 | T32: =IF(ISBLANK(S32),"unknown",S32) -> R1013
A33: Id32 | B33: 42.35 | C33: 5.08 | D33: yes | E33: No | F33: No | G33: No major surgery | H33: yes | I33: Id2304 | J33: 2002 | K33: =IF(ISBLANK(J33),AVERAGE(J33:J38),J33) -> 2002 | L33: Jul | M33: =IF(ISBLANK(L33),"sep",L33) -> Jul | N33: 1 | O33: 0 | P33: 1049 | Q33: tier - 3 | R33: tier - 2 | S33: R1012 | T33: =IF(ISBLANK(S33),"unknown",S33) -> R1012
A34: Id33 | B34: 31.35 | C34: 6.86 | D34: No | E34: No | F34: No | G34: No major surgery | H34: yes | I34: Id2303 | J34: 1995 | K34: =IF(ISBLANK(J34),AVERAGE(J34:J39),J34) -> 1995 | L34: Jun | M34: =IF(ISBLANK(L34),"sep",L34) -> Jun | N34: 1 | O34: 0 | P34: 1056 | Q34: tier - 3 | R34: tier - 2 | S34: R1013 | T34: =IF(ISBLANK(S34),"unknown",S34) -> R1013
A35: Id34 | B35: 47.6 | C35: 5.95 | D35: yes | E35: No | F35: No | G35: No major surgery | H35: yes | I35: Id2302 | J35: 1993 | K35: =IF(ISBLANK(J35),AVERAGE(J35:J40),J35) -> 1993 | L35: Sep | M35: =IF(ISBLANK(L35),"sep",L35) -> Sep | N35: 28 | O35: 0 | P35: 1068 | Q35: tier - 3 | R35: tier - 1 | S35: R1013 | T35: =IF(ISBLANK(S35),"unknown",S35) -> R1013
A36: Id35 | B36: 46.2 | C36: 6.09 | D36: No | E36: No | F36: Yes | G36: 1 | H36: yes | I36: Id2301 | J36: 2004 | K36: =IF(ISBLANK(J36),AVERAGE(J36:J41),J36) -> 2004 | L36: Aug | M36: =IF(ISBLANK(L36),"sep",L36) -> Aug | N36: 24 | O36: 0 | P36: 1070 | Q36: tier - 3 | R36: tier - 3 | S36: R1013 | T36: =IF(ISBLANK(S36),"unknown",S36) -> R1013
A37: Id36 | B37: 32.015 | C37: 11.75 | D37: No | E37: No | F37: No | G37: No major surgery | H37: yes | I37: Id2300 | J37: 1997 | K37: =IF(ISBLANK(J37),AVERAGE(J37:J42),J37) -> 1997 | L37: Aug | M37: =IF(ISBLANK(L37),"sep",L37) -> Aug | N37: 13 | O37: 0 | P37: 1071 | Q37: tier - 3 | R37: tier - 3 | S37: R1013 | T37: =IF(ISBLANK(S37),"unknown",S37) -> R1013
A38: Id37 | B38: 40.565 | C38: 7.37 | D38: No | E38: No | F38: No | G38: No major surgery | H38: yes | I38: Id2299 | J38: 1998 | K38: =IF(ISBLANK(J38),AVERAGE(J38:J43),J38) -> 1998 | L38: Dec | M38: =IF(ISBLANK(L38),"sep",L38) -> Dec | N38: 26 | O38: 0 | P38: 1082 | Q38: tier - 3 | R38: tier - 2 | S38: R1013 | T38: =IF(ISBLANK(S38),"unknown",S38) -> R1013
A39: Id38 | B39: 32.45 | C39: 11.91 | D39: No | E39: No | F39: No | G39: No major surgery | H39: yes | I39: Id2298 | J39: 2002 | K39: =IF(ISBLANK(J39),AVERAGE(J39:J44),J39) -> 2002 | L39: Aug | M39: =IF(ISBLANK(L39),"sep",L39) -> Aug | N39: 13 | O39: 0 | P39: 1086 | Q39: tier - 3 | R39: tier - 3 | S39: R1013 | T39: =IF(ISBLANK(S39),"unknown",S39) -> R1013
A40: Id39 | B40: 34.96 | C40: 6.52 | D40: No | E40: No | F40: No | G40: No major surgery | H40: yes | I40: Id2297 | J40: 2004 | K40: =IF(ISBLANK(J40),AVERAGE(J40:J45),J40) -> 2004 | L40: Nov | M40: =IF(ISBLANK(L40),"sep",L40) -> Nov | N40: 12 | O40: 0 | P40: 1121.87 | Q40: tier - 3 | R40: tier - 1 | S40: R1013 | T40: =IF(ISBLANK(S40),"unknown",S40) -> R1013
A41: Id40 | B41: 35.5 | C41: 5.14 | D41: No | E41: No | F41: Yes | G41: 1 | H41: yes | I41: Id2296 | J41: 2004 | K41: =IF(ISBLANK(J41),AVERAGE(J41:J46),J41) -> 2004 | L41: Jun | M41: =IF(ISBLANK(L41),"sep",L41) -> Jun | N41: 14 | O41: 0 | P41: 1131.51 | Q41: tier - 3 | R41: tier - 1 | S41: R1013 | T41: =IF(ISBLANK(S41),"unknown",S41) -> R1013
A42: Id41 | B42: 52.58 | C42: 4.19 | D42: No | E42: yes | F42: No | G42: 1 | H42: yes | I42: Id2295 | J42: 2002 | K42: =IF(ISBLANK(J42),AVERAGE(J42:J47),J42) -> 2002 | L42: Jul | M42: =IF(ISBLANK(L42),"sep",L42) -> Jul | N42: 19 | O42: 0 | P42: 1132 | Q42: tier - 3 | R42: tier - 1 | S42: R1013 | T42: =IF(ISBLANK(S42),"unknown",S42) -> R1013
A43: Id42 | B43: 35.2 | C43: 11.68 | D43: yes | E43: No | F43: No | G43: No major surgery | H43: yes | I43: Id2294 | J43: 2004 | K43: =IF(ISBLANK(J43),AVERAGE(J43:J48),J43) -> 2004 | L43: Oct | M43: =IF(ISBLANK(L43),"sep",L43) -> Oct | N43: 6 | O43: 0 | P43: 1135 | Q43: tier - 3 | R43: tier - 3 | S43: R1013 | T43: =IF(ISBLANK(S43),"unknown",S43) -> R1013
A44: Id43 | B44: 38.06 | C44: 6.98 | D44: No | E44: No | F44: No | G44: No major surgery | H44: yes | I44: Id2293 | J44: 2004 | K44: =IF(ISBLANK(J44),AVERAGE(J44:J49),J44) -> 2004 | L44: Jun | M44: =IF(ISBLANK(L44),"sep",L44) -> Jun | N44: 11 | O44: 0 | P44: 1135.94 | Q44: tier - 3 | R44: tier - 3 | S44: R1013 | T44: =IF(ISBLANK(S44),"unknown",S44) -> R1013
A45: Id44 | B45: 34.21 | C45: 8.34 | D45: No | E45: No | F45: No | G45: No major surgery | H45: yes | I45: Id2292 | J45: 2004 | K45: =IF(ISBLANK(J45),AVERAGE(J45:J50),J45) -> 2004 | L45: Nov | M45: =IF(ISBLANK(L45),"sep",L45) -> Nov | N45: 28 | O45: 0 | P45: 1136.4 | Q45: tier - 3 | R45: tier - 3 | S45: R1013 | T45: =IF(ISBLANK(S45),"unknown",S45) -> R1013
A46: Id45 | B46: 38.94 | C46: 8.49 | D46: yes | E46: No | F46: No | G46: 1 | H46: yes | I46: Id2291 | J46: 2002 | K46: =IF(ISBLANK(J46),AVERAGE(J46:J51),J46) -> 2002 | L46: Aug | M46: =IF(ISBLANK(L46),"sep",L46) -> Aug | N46: 11 | O46: 0 | P46: 1137 | Q46: tier - 3 | R46: tier - 1 | S46: R1013 | T46: =IF(ISBLANK(S46),"unknown",S46) -> R1013
A47: Id46 | B47: 30.21 | C47: 5.34 | D47: yes | E47: No | F47: No | G47: 1 | H47: yes | J47: 2004 | K47: =IF(ISBLANK(J47),AVERAGE(J47:J52),J47) -> 2004 | L47: Nov | M47: =IF(ISBLANK(L47),"sep",L47) -> Nov | N47: 6 | O47: 0 | P47: 1137.01 | Q47: tier - 3 | R47: tier - 1 | S47: R1013 | T47: =IF(ISBLANK(S47),"unknown",S47) -> R1013
A48: Id47 | B48: 33.63 | C48: 4.43 | D48: yes | E48: No | F48: No | G48: 2 | H48: yes | I48: Id2290 | J48: 2004 | K48: =IF(ISBLANK(J48),AVERAGE(J48:J53),J48) -> 2004 | L48: Oct | M48: =IF(ISBLANK(L48),"sep",L48) -> Oct | N48: 15 | O48: 0 | P48: 1137.01 | Q48: tier - 3 | R48: tier - 1 | S48: R1013 | T48: =IF(ISBLANK(S48),"unknown",S48) -> R1013
A49: Id48 | B49: 40.37 | C49: 4.47 | D49: No | E49: No | F49: No | G49: No major surgery | H49: yes | I49: Id2289 | J49: 2004 | K49: =IF(ISBLANK(J49),AVERAGE(J49:J54),J49) -> 2004 | L49: Nov | M49: =IF(ISBLANK(L49),"sep",L49) -> Nov | N49: 27 | O49: 0 | P49: 1137.47 | Q49: tier - 3 | R49: tier - 2 | S49: R1013 | T49: =IF(ISBLANK(S49),"unknown",S49) -> R1013
A50: Id49 | B50: 53.09 | C50: 4.82 | D50: yes | E50: No | F50: No | G50: 2 | H50: yes | I50: Id2288 | J50: 2001 | K50: =IF(ISBLANK(J50),AVERAGE(J50:J55),J50) -> 2001 | L50: Oct | M50: =IF(ISBLANK(L50),"sep",L50) -> Oct | N50: 25 | O50: 0 | P50: 1141 | Q50: tier - 3 | R50: tier - 1 | S50: R1013 | T50: =IF(ISBLANK(S50),"unknown",S50) -> R1013
A51: Id50 | B51: 31.79 | C51: 5.51 | D51: yes | E51: No | F51: No | G51: 2 | H51: yes | I51: Id2287 | J51: 2004 | K51: =IF(ISBLANK(J51),AVERAGE(J51:J56),J51) -> 2004 | L51: Sep | M51: =IF(ISBLANK(L51),"sep",L51) -> Sep | N51: 12 | O51: 0 | P51: 1141.45 | Q51: tier - 3 | R51: tier - 3 | S51: R1013 | T51: =IF(ISBLANK(S51),"unknown",S51) -> R1013
A52: Id51 | B52: 41.895 | C52: 10.87 | D52: yes | E52: No | F52: No | G52: 1 | H52: yes | I52: Id2286 | J52: 2002 | K52: =IF(ISBLANK(J52),AVERAGE(J52:J57),J52) -> 2002 | L52: Oct | M52: =IF(ISBLANK(L52),"sep",L52) -> Oct | N52: 1 | O52: 0 | P52: 1142 | Q52: tier - 3 | R52: tier - 2 | S52: R1011 | T52: =IF(ISBLANK(S52),"unknown",S52) -> R1011
A53: Id52 | B53: 31.16 | C53: 9.34 | D53: No | E53: No | F53: No | G53: No major surgery | H53: yes | I53: Id2285 | J53: 2004 | K53: =IF(ISBLANK(J53),AVERAGE(J53:J58),J53) -> 2004 | L53: Jun | M53: =IF(ISBLANK(L53),"sep",L53) -> Jun | N53: 10 | O53: 0 | P53: 1146.8 | Q53: tier - 2 | R53: tier - 2 | S53: R1013 | T53: =IF(ISBLANK(S53),"unknown",S53) -> R1013
A54: Id53 | B54: 34.105 | C54: 5.03 | D54: yes | E54: No | F54: Yes | G54: 1 | H54: yes | I54: Id2284 | J54: 2003 | K54: =IF(ISBLANK(J54),AVERAGE(J54:J59),J54) -> 2003 | L54: Jun | M54: =IF(ISBLANK(L54),"sep",L54) -> Jun | N54: 12 | O54: 0 | P54: 1149 | Q54: tier - 2 | R54: tier - 1 | S54: R1012 | T54: =IF(ISBLANK(S54),"unknown",S54) -> R1012
A55: Id54 | B55: 51.93 | C55: 11.05 | D55: No | E55: No | F55: No | G55: No major surgery | H55: yes | I55: Id2283 | J55: 2004 | K55: =IF(ISBLANK(J55),AVERAGE(J55:J60),J55) -> 2004 | L55: Jul | M55: =IF(ISBLANK(L55),"sep",L55) -> Jul | N55: 18 | O55: 0 | P55: 1149.4 | Q55: tier - 2 | R55: tier - 2 | S55: R1013 | T55: =IF(ISBLANK(S55),"unknown",S55) -> R1013
A56: Id55 | B56: 38.95 | C56: 11.95 | D56: No | E56: No | F56: No | G56: No major surgery | H56: yes | I56: Id2282 | J56: 1994 | K56: =IF(ISBLANK(J56),AVERAGE(J56:J61),J56) -> 1994 | L56: Jul | M56: =IF(ISBLANK(L56),"sep",L56) -> Jul | N56: 26 | O56: 0 | P56: 1158.32 | Q56: tier - 2 | R56: tier - 1 | S56: R1013 | T56: =IF(ISBLANK(S56),"unknown",S56) -> R1013
A57: Id56 | B57: 36.63 | C57: 7.72 | D57: yes | E57: No | F57: No | G57: 1 | H57: yes | I57: Id2281 | J57: 2004 | K57: =IF(ISBLANK(J57),AVERAGE(J57:J62),J57) -> 2004 | L57: Nov | M57: =IF(ISBLANK(L57),"sep",L57) -> Nov | N57: 11 | O57: 0 | P57: 1163.46 | Q57: tier - 2 | R57: tier - 3 | S57: R1013 | T57: =IF(ISBLANK(S57),"unknown",S57) -> R1013
A58: Id57 | B58: 34.2 | C58: 5.75 | D58: No | E58: No | F58: No | G58: 2 | H58: yes | I58: Id2280 | J58: 2002 | K58: =IF(ISBLANK(J58),AVERAGE(J58:J63),J58) -> 2002 | L58: Jun | M58: =IF(ISBLANK(L58),"sep",L58) -> Jun | N58: 11 | O58: 0 | P58: 1165 | Q58: tier - 2 | R58: tier - 3 | S58: R1012 | T58: =IF(ISBLANK(S58),"unknown",S58) -> R1012
A59: Id58 | B59: 50.63 | C59: 11.89 | D59: No | E59: No | F59: No | G59: No major surgery | H59: yes | I59: Id2279 | J59: 2001 | K59: =IF(ISBLANK(J59),AVERAGE(J59:J64),J59) -> 2001 | L59: Nov | M59: =IF(ISBLANK(L59),"sep",L59) -> Nov | N59: 12 | O59: 0 | P59: 1167 | Q59: tier - 2 | R59: tier - 1 | S59: R1013 | T59: =IF(ISBLANK(S59),"unknown",S59) -> R1013
A60: Id59 | B60: 36.48 | C60: 6.2 | D60: No | E60: No | F60: No | G60: No major surgery | H60: yes | I60: Id2278 | J60: 1996 | K60: =IF(ISBLANK(J60),AVERAGE(J60:J65),J60) -> 1996 | L60: Aug | M60: =IF(ISBLANK(L60),"sep",L60) -> Aug | N60: 11 | O60: 0 | P60: 1178 | Q60: tier - 2 | R60: tier - 3 | S60: R1013 | T60: =IF(ISBLANK(S60),"unknown",S60) -> R1013
A61: Id60 | B61: 54.82 | C61: 10.61 | D61: No | E61: No | F61: No | G61: No major surgery | H61: yes | I61: Id2277 | J61: 1997 | K61: =IF(ISBLANK(J61),AVERAGE(J61:J66),J61) -> 1997 | L61: Jun | M61: =IF(ISBLANK(L61),"sep",L61) -> Jun | N61: 28 | O61: 0 | P61: 1178.07 | Q61: tier - 2 | R61: tier - 2 | S61: R1013 | T61: =IF(ISBLANK(S61),"unknown",S61) -> R1013
A62: Id61 | B62: 38.06 | C62: 6.04 | D62: No | E62: No | F62: Yes | G62: 1 | H62: yes | I62: Id2276 | J62: 2002 | K62: =IF(ISBLANK(J62),AVERAGE(J62:J67),J62) -> 2002 | L62: Aug | M62: =IF(ISBLANK(L62),"sep",L62) -> Aug | N62: 26 | O62: 0 | P62: 1191 | Q62: tier - 2 | R62: tier - 1 | S62: R1013 | T62: =IF(ISBLANK(S62),"unknown",S62) -> R1013
A63: Id62 | B63: 51.48 | C63: 9.33 | D63: yes | E63: No | F63: No | G63: No major surgery | H63: yes | I63: Id2275 | J63: 1999 | K63: =IF(ISBLANK(J63),AVERAGE(J63:J68),J63) -> 1999 | L63: Jun | M63: =IF(ISBLANK(L63),"sep",L63) -> Jun | N63: 28 | O63: 0 | P63: 1200 | Q63: tier - 2 | R63: tier - 3 | S63: R1012 | T63: =IF(ISBLANK(S63),"unknown",S63) -> R1012
A64: Id63 | B64: 52.06 | C64: 11.47 | D64: No | E64: No | F64: No | G64: No major surgery | H64: yes | I64: Id2274 | J64: 1992 | K64: =IF(ISBLANK(J64),AVERAGE(J64:J69),J64) -> 1992 | L64: Oct | M64: =IF(ISBLANK(L64),"sep",L64) -> Oct | N64: 6 | O64: 0 | P64: 1200.55 | Q64: tier - 2 | R64: tier - 3 | S64: R1013 | T64: =IF(ISBLANK(S64),"unknown",S64) -> R1013
A65: Id64 | B65: 30.685 | C65: 7.02 | D65: yes | E65: No | F65: No | G65: No major surgery | H65: yes | I65: Id2273 | J65: 2004 | K65: =IF(ISBLANK(J65),AVERAGE(J65:J70),J65) -> 2004 | L65: Jun | M65: =IF(ISBLANK(L65),"sep",L65) -> Jun | N65: 2 | O65: 0 | P65: 1210 | Q65: tier - 2 | R65: tier - 1 | S65: R1013 | T65: =IF(ISBLANK(S65),"unknown",S65) -> R1013
A66: Id65 | B66: 36.08 | C66: 8.8 | D66: yes | E66: No | F66: No | G66: 1 | H66: yes | I66: Id2272 | J66: 1996 | K66: =IF(ISBLANK(J66),AVERAGE(J66:J71),J66) -> 1996 | L66: Nov | M66: =IF(ISBLANK(L66),"sep",L66) -> Nov | N66: 4 | O66: 0 | P66: 1220 | Q66: tier - 2 | R66: tier - 3 | S66: R1012 | T66: =IF(ISBLANK(S66),"unknown",S66) -> R1012
A67: Id66 | B67: 54.99 | C67: 8.68 | D67: No | E67: No | F67: No | G67: 2 | H67: yes | I67: Id2271 | J67: 2004 | K67: =IF(ISBLANK(J67),AVERAGE(J67:J72),J67) -> 2004 | L67: Jul | M67: =IF(ISBLANK(L67),"sep",L67) -> Jul | N67: 9 | O67: 0 | P67: 1224 | Q67: tier - 2 | R67: tier - 1 | S67: R1013 | T67: =IF(ISBLANK(S67),"unknown",S67) -> R1013
A68: Id67 | B68: 35.97 | C68: 6.12 | D68: No | E68: No | F68: Yes | G68: 1 | H68: yes | I68: Id2270 | J68: 2004 | K68: =IF(ISBLANK(J68),AVERAGE(J68:J73),J68) -> 2004 | L68: Oct | M68: =IF(ISBLANK(L68),"sep",L68) -> Oct | N68: 16 | O68: 0 | P68: 1228 | Q68: tier - 2 | R68: tier - 1 | S68: R1012 | T68: =IF(ISBLANK(S68),"unknown",S68) -> R1012
A69: Id68 | B69: 45.54 | C69: 5.4 | D69: yes | E69: No | F69: Yes | G69: 1 | H69: yes | I69: Id2269 | J69: 1998 | K69: =IF(ISBLANK(J69),AVERAGE(J69:J74),J69) -> 1998 | L69: Jul | M69: =IF(ISBLANK(L69),"sep",L69) -> Jul | N69: 13 | O69: 0 | P69: 1234 | Q69: tier - 2 | R69: tier - 1 | S69: R1013 | T69: =IF(ISBLANK(S69),"unknown",S69) -> R1013
A70: Id69 | B70: 35.53 | C70: 4.36 | D70: yes | E70: No | F70: No | G70: No major surgery | H70: yes | I70: Id2268 | J70: 2002 | K70: =IF(ISBLANK(J70),AVERAGE(J70:J75),J70) -> 2002 | L70: Dec | M70: =IF(ISBLANK(L70),"sep",L70) -> Dec | N70: 12 | O70: 0 | P70: 1237 | Q70: tier - 2 | R70: tier - 2 | S70: R1013 | T70: =IF(ISBLANK(S70),"unknown",S70) -> R1013
A71: Id70 | B71: 30.8 | C71: 9.77 | D71: No | E71: No | F71: No | G71: No major surgery | H71: yes | I71: Id2267 | J71: 1998 | K71: =IF(ISBLANK(J71),AVERAGE(J71:J76),J71) -> 1998 | L71: Oct | M71: =IF(ISBLANK(L71),"sep",L71) -> Oct | N71: 11 | O71: 0 | P71: 1240 | Q71: tier - 2 | R71: tier - 1 | S71: R1012 | T71: =IF(ISBLANK(S71),"unknown",S71) -> R1012
A72: Id71 | B72: 38.39 | C72: 4.25 | D72: No | E72: No | F72: No | G72: 1 | H72: yes | I72: Id2266 | J72: 2002 | K72: =IF(ISBLANK(J72),AVERAGE(J72:J77),J72) -> 2002 | L72: Jul | M72: =IF(ISBLANK(L72),"sep",L72) -> Jul | N72: 1 | O72: 0 | P72: 1241 | Q72: tier - 2 | R72: tier - 2 | S72: R1013 | T72: =IF(ISBLANK(S72),"unknown",S72) -> R1013
A73: Id72 | B73: 32.3 | C73: 4.76 | D73: No | E73: No | F73: No | G73: 2 | H73: yes | I73: Id2265 | J73: 2003 | K73: =IF(ISBLANK(J73),AVERAGE(J73:J78),J73) -> 2003 | L73: Aug | M73: =IF(ISBLANK(L73),"sep",L73) -> Aug | N73: 2 | O73: 0 | P73: 1241.57 | Q73: tier - 2 | R73: tier - 2 | S73: R1011 | T73: =IF(ISBLANK(S73),"unknown",S73) -> R1011
A74: Id73 | B74: 48.8 | C74: 6.22 | D74: yes | E74: No | F74: No | G74: 2 | H74: yes | I74: Id2264 | J74: 2003 | K74: =IF(ISBLANK(J74),AVERAGE(J74:J79),J74) -> 2003 | L74: Sep | M74: =IF(ISBLANK(L74),"sep",L74) -> Sep | N74: 15 | O74: 0 | P74: 1242.26 | Q74: tier - 2 | R74: tier - 1 | S74: R1011 | T74: =IF(ISBLANK(S74),"unknown",S74) -> R1011
A75: Id74 | B75: 45.5 | C75: 7.96 | D75: No | E75: No | F75: No | G75: No major surgery | H75: yes | I75: Id2263 | J75: 2003 | K75: =IF(ISBLANK(J75),AVERAGE(J75:J80),J75) -> 2003 | L75: Sep | M75: =IF(ISBLANK(L75),"sep",L75) -> Sep | N75: 8 | O75: 0 | P75: 1242.82 | Q75: tier - 2 | R75: tier - 1 | S75: R1011 | T75: =IF(ISBLANK(S75),"unknown",S75) -> R1011
A76: Id75 | B76: 53.61 | C76: 10.92 | D76: yes | E76: No | F76: No | G76: 1 | H76: yes | I76: Id2262 | J76: 2003 | K76: =IF(ISBLANK(J76),AVERAGE(J76:J81),J76) -> 2003 | L76: Sep | M76: =IF(ISBLANK(L76),"sep",L76) -> Sep | N76: 15 | O76: 0 | P76: 1252.41 | Q76: tier - 2 | R76: tier - 3 | S76: R1011 | T76: =IF(ISBLANK(S76),"unknown",S76) -> R1011
A77: Id76 | B77: 36.19 | C77: 11.51 | D77: yes | E77: No | F77: No | G77: 1 | H77: yes | I77: Id2261 | J77: 1997 | K77: =IF(ISBLANK(J77),AVERAGE(J77:J82),J77) -> 1997 | L77: Nov | M77: =IF(ISBLANK(L77),"sep",L77) -> Nov | N77: 4 | O77: 0 | P77: 1253 | Q77: tier - 2 | R77: tier - 2 | S77: R1013 | T77: =IF(ISBLANK(S77),"unknown",S77) -> R1013
A78: Id77 | B78: 34.6 | C78: 5.99 | D78: yes | E78: No | F78: No | G78: No major surgery | H78: yes | I78: Id2260 | J78: 2003 | K78: =IF(ISBLANK(J78),AVERAGE(J78:J83),J78) -> 2003 | L78: Dec | M78: =IF(ISBLANK(L78),"sep",L78) -> Dec | N78: 10 | O78: 0 | P78: 1253.94 | Q78: tier - 2 | R78: tier - 2 | S78: R1011 | T78: =IF(ISBLANK(S78),"unknown",S78) -> R1011
A79: Id78 | B79: 54.12 | C79: 11.57 | D79: No | E79: No | F79: No | G79: No major surgery | H79: yes | I79: Id2259 | J79: 2003 | K79: =IF(ISBLANK(J79),AVERAGE(J79:J84),J79) -> 2003 | L79: Oct | M79: =IF(ISBLANK(L79),"sep",L79) -> Oct | N79: 13 | O79: 0 | P79: 1256.3 | Q79: tier - 2 | R79: tier - 3 | S79: R1011 | T79: =IF(ISBLANK(S79),"unknown",S79) -> R1011
A80: Id79 | B80: 48.82 | C80: 6.67 | D80: yes | E80: No | F80: No | G80: No major surgery | H80: yes | I80: Id2258 | J80: 2003 | K80: =IF(ISBLANK(J80),AVERAGE(J80:J85),J80) -> 2003 | L80: Oct | M80: =IF(ISBLANK(L80),"sep",L80) -> Oct | N80: 30 | O80: 0 | P80: 1261.44 | Q80: tier - 2 | R80: tier - 3 | S80: R1011 | T80: =IF(ISBLANK(S80),"unknown",S80) -> R1011
A81: Id80 | B81: 51.01 | C81: 9.2 | D81: No | E81: No | F81: No | G81: No major surgery | H81: yes | I81: Id2257 | J81: 2003 | K81: =IF(ISBLANK(J81),AVERAGE(J81:J86),J81) -> 2003 | L81: Aug | M81: =IF(ISBLANK(L81),"sep",L81) -> Aug | N81: 15 | O81: 0 | P81: 1261.86 | Q81: tier - 2 | R81: tier - 3 | S81: R1011 | T81: =IF(ISBLANK(S81),"unknown",S81) -> R1011
A82: Id81 | B82: 45.65 | C82: 5.11 | D82: yes | E82: No | F82: No | G82: 1 | H82: yes | I82: Id2256 | J82: 2003 | K82: =IF(ISBLANK(J82),AVERAGE(J82:J87),J82) -> 2003 | L82: Nov | M82: =IF(ISBLANK(L82),"sep",L82) -> Nov | N82: 21 | O82: 0 | P82: 1263.25 | Q82: tier - 2 | R82: tier - 3 | S82: R1011 | T82: =IF(ISBLANK(S82),"unknown",S82) -> R1011
A83: Id82 | B83: 52.9 | C83: 5.34 | D83: No | E83: No | F83: No | G83: No major surgery | H83: yes | I83: Id2255 | J83: 2002 | K83: =IF(ISBLANK(J83),AVERAGE(J83:J88),J83) -> 2002 | L83: Dec | M83: =IF(ISBLANK(L83),"sep",L83) -> Dec | N83: 4 | O83: 0 | P83: 1267 | Q83: tier - 2 | R83: tier - 1 | S83: R1013 | T83: =IF(ISBLANK(S83),"unknown",S83) -> R1013
A84: Id83 | B84: 45.41 | C84: 4.03 | D84: yes | E84: No | F84: No | G84: 1 | H84: yes | I84: Id2254 | J84: 1997 | K84: =IF(ISBLANK(J84),AVERAGE(J84:J89),J84) -> 1997 | L84: Oct | M84: =IF(ISBLANK(L84),"sep",L84) -> Oct | N84: 26 | O84: 0 | P84: 1276 | Q84: tier - 2 | R84: tier - 2 | S84: R1012 | T84: =IF(ISBLANK(S84),"unknown",S84) -> R1012
A85: Id84 | B85: 49.41 | C85: 4.23 | D85: yes | E85: No | F85: Yes | G85: 1 | H85: yes | I85: Id2253 | J85: 2004 | K85: =IF(ISBLANK(J85),AVERAGE(J85:J90),J85) -> 2004 | L85: Sep | M85: =IF(ISBLANK(L85),"sep",L85) -> Sep | N85: 30 | O85: 0 | P85: 1283 | Q85: tier - 2 | R85: tier - 1 | S85: R1013 | T85: =IF(ISBLANK(S85),"unknown",S85) -> R1013
A86: Id85 | B86: 31.825 | C86: 4.06 | D86: No | E86: No | F86: No | G86: 2 | H86: yes | I86: Id2252 | J86: 2004 | K86: =IF(ISBLANK(J86),AVERAGE(J86:J91),J86) -> 2004 | L86: Jul | M86: =IF(ISBLANK(L86),"sep",L86) -> Jul | N86: 28 | O86: 0 | P86: 1285 | Q86: tier - 2 | R86: tier - 3 | S86: R1013 | T86: =IF(ISBLANK(S86),"unknown",S86) -> R1013
A87: Id86 | B87: 51.28 | C87: 4.68 | D87: No | E87: No | F87: No | G87: 2 | H87: yes | I87: Id2251 | J87: 2000 | K87: =IF(ISBLANK(J87),AVERAGE(J87:J92),J87) -> 2000 | L87: Jun | M87: =IF(ISBLANK(L87),"sep",L87) -> Jun | N87: 26 | O87: 0 | P87: 1286 | Q87: tier - 2 | R87: tier - 2 | S87: R1013 | T87: =IF(ISBLANK(S87),"unknown",S87) -> R1013
A88: Id87 | B88: 34.96 | C88: 4.34 | D88: No | E88: No | F88: Yes | G88: 1 | H88: yes | I88: Id2250 | J88: 1998 | K88: =IF(ISBLANK(J88),AVERAGE(J88:J93),J88) -> 1998 | L88: Jun | M88: =IF(ISBLANK(L88),"sep",L88) -> Jun | N88: 4 | O88: 0 | P88: 1290.93 | Q88: tier - 2 | R88: tier - 2 | S88: R1013 | T88: =IF(ISBLANK(S88),"unknown",S88) -> R1013
A89: Id88 | B89: 33.11 | C89: 10.51 | D89: No | E89: No | F89: No | G89: No major surgery | H89: yes | I89: Id2249 | J89: 2001 | K89: =IF(ISBLANK(J89),AVERAGE(J89:J94),J89) -> 2001 | L89: Nov | M89: =IF(ISBLANK(L89),"sep",L89) -> Nov | N89: 29 | O89: 0 | P89: 1293 | Q89: tier - 2 | R89: tier - 3 | S89: R1012 | T89: =IF(ISBLANK(S89),"unknown",S89) -> R1012
A90: Id89 | B90: 54.74 | C90: 5.84 | D90: yes | E90: No | F90: Yes | G90: 1 | H90: yes | I90: Id2248 | J90: 2002 | K90: =IF(ISBLANK(J90),AVERAGE(J90:J95),J90) -> 2002 | L90: Dec | M90: =IF(ISBLANK(L90),"sep",L90) -> Dec | N90: 10 | O90: 0 | P90: 1304 | Q90: tier - 2 | R90: tier - 2 | S90: R1012 | T90: =IF(ISBLANK(S90),"unknown",S90) -> R1012
A91: Id90 | B91: 32.56 | C91: 5.41 | D91: No | E91: No | F91: Yes | G91: 1 | H91: yes | I91: Id2247 | J91: 1999 | K91: =IF(ISBLANK(J91),AVERAGE(J91:J96),J91) -> 1999 | L91: Dec | M91: =IF(ISBLANK(L91),"sep",L91) -> Dec | N91: 2 | O91: 0 | P91: 1304 | Q91: tier - 2 | R91: tier - 2 | S91: R1013 | T91: =IF(ISBLANK(S91),"unknown",S91) -> R1013
A92: Id91 | B92: 39.05 | C92: 6.06 | D92: No | E92: No | F92: No | G92: 1 | H92: yes | I92: Id2246 | J92: 2002 | K92: =IF(ISBLANK(J92),AVERAGE(J92:J97),J92) -> 2002 | L92: Oct | M92: =IF(ISBLANK(L92),"sep",L92) -> Oct | N92: 13 | O92: 0 | P92: 1315 | Q92: tier - 2 | R92: tier - 2 | S92: R1013 | T92: =IF(ISBLANK(S92),"unknown",S92) -> R1013
A93: Id92 | B93: 42.75 | C93: 4.22 | D93: No | E93: No | F93: No | G93: No major surgery | H93: yes | I93: Id2245 | J93: 1999 | K93: =IF(ISBLANK(J93),AVERAGE(J93:J98),J93) -> 1999 | L93: Oct | M93: =IF(ISBLANK(L93),"sep",L93) -> Oct | N93: 14 | O93: 0 | P93: 1329.17 | Q93: tier - 2 | R93: tier - 3 | S93: R1013 | T93: =IF(ISBLANK(S93),"unknown",S93) -> R1013
A94: Id93 | B94: 50.58 | C94: 5.12 | D94: No | E94: No | F94: No | G94: 2 | H94: yes | I94: Id2244 | J94: 1998 | K94: =IF(ISBLANK(J94),AVERAGE(J94:J99),J94) -> 1998 | L94: Jul | M94: =IF(ISBLANK(L94),"sep",L94) -> Jul | N94: 12 | O94: 0 | P94: 1332.61 | Q94: tier - 2 | R94: tier - 3 | S94: R1013 | T94: =IF(ISBLANK(S94),"unknown",S94) -> R1013
A95: Id94 | B95: 30.495 | C95: 4.57 | D95: yes | E95: No | F95: No | G95: No major surgery | H95: yes | I95: Id2243 | J95: 1995 | K95: =IF(ISBLANK(J95),AVERAGE(J95:J100),J95) -> 1995 | L95: Jul | M95: =IF(ISBLANK(L95),"sep",L95) -> Jul | N95: 30 | O95: 0 | P95: 1338 | Q95: tier - 2 | R95: tier - 3 | S95: R1012 | T95: =IF(ISBLANK(S95),"unknown",S95) -> R1012
A96: Id95 | B96: 48.31 | C96: 9.58 | D96: yes | E96: No | F96: No | G96: 2 | H96: yes | I96: Id2242 | J96: 1997 | K96: =IF(ISBLANK(J96),AVERAGE(J96:J101),J96) -> 1997 | L96: Nov | M96: =IF(ISBLANK(L96),"sep",L96) -> Nov | N96: 7 | O96: 0 | P96: 1341.16 | Q96: tier - 2 | R96: tier - 2 | S96: R1012 | T96: =IF(ISBLANK(S96),"unknown",S96) -> R1012
A97: Id96 | B97: 48.99 | C97: 9.78 | D97: yes | E97: No | F97: No | G97: 1 | H97: yes | I97: Id2241 | J97: 1998 | K97: =IF(ISBLANK(J97),AVERAGE(J97:J102),J97) -> 1998 | L97: Dec | M97: =IF(ISBLANK(L97),"sep",L97) -> Dec | N97: 3 | O97: 0 | P97: 1359 | Q97: tier - 2 | R97: tier - 1 | S97: R1013 | T97: =IF(ISBLANK(S97),"unknown",S97) -> R1013
A98: Id97 | B98: 38.39 | C98: 4.11 | D98: yes | E98: No | F98: No | G98: No major surgery | H98: yes | I98: Id2240 | J98: 2002 | K98: =IF(ISBLANK(J98),AVERAGE(J98:J103),J98) -> 2002 | L98: Aug | M98: =IF(ISBLANK(L98),"sep",L98) -> Aug | N98: 15 | O98: 0 | P98: 1382 | Q98: tier - 2 | R98: tier - 1 | S98: R1013 | T98: =IF(ISBLANK(S98),"unknown",S98) -> R1013
A99: Id98 | B99: 44.34 | C99: 4.02 | D99: yes | E99: No | F99: No | G99: 2 | H99: yes | I99: Id2239 | J99: 1999 | K99: =IF(ISBLANK(J99),AVERAGE(J99:J104),J99) -> 1999 | L99: Jul | M99: =IF(ISBLANK(L99),"sep",L99) -> Jul | N99: 6 | O99: 0 | P99: 1389 | Q99: tier - 2 | R99: tier - 2 | S99: R1013 | T99: =IF(ISBLANK(S99),"unknown",S99) -> R1013
A100: Id99 | B100: 41.51 | C100: 6.92 | D100: No | E100: No | F100: No | G100: No major surgery | H100: yes | I100: Id2238 | J100: 2002 | K100: =IF(ISBLANK(J100),AVERAGE(J100:J105),J100) -> 2002 | L100: Nov | M100: =IF(ISBLANK(L100),"sep",L100) -> Nov | N100: 14 | O100: 0 | P100: 1390 | Q100: tier - 2 | R100: tier - 2 | S100: R1013 | T100: =IF(ISBLANK(S100),"unknown",S100) -> R1013
...

Sheet Data Transformation
A1: Customer ID | B1: name | G1: NumberOfMajorSurgeries | H1: Heart Issues | I1: smoker | J1: BMI | K1: weight status | L1: HBA1C | M1: Diabetes Status | N1: year | O1: month | P1: date | Q1: Date of Birth | R1: customer age | S1: charges
A2: Id1 | B2: Hawks, Ms. Kelly | C2: Ms | D2: Kelly | E2: Hawks | G2: 0 | H2: No | I2: yes | J2: 47.41 | K2: {=_xlfn.IFS(J2<18.5,"underweight",J2<25,"normal weight",J2<30,"overweight",J2>30,"obesity")} -> obesity | L2: 7.47 | M2: {=_xlfn.IFS(L2<5.7,"Normal",L2<6.5,"Prediabetes",L2>6.5,"Diabetes")} -> Diabetes | N2: 1992 | O2: Jul | P2: 9 | Q2: =P2&"-"&O2&"-"&N2 -> 9-Jul-1992 | R2: =DATEDIF(Q2,"8-6-2023","y") -> 31 | S2: 563.84
A3: Id2 | B3: Lehner, Mr. Matthew D | C3: Mr | D3: Matthew D | E3: Lehner | G3: 0 | H3: No | I3: yes | J3: 30.36 | K3: {=_xlfn.IFS(J3<18.5,"underweight",J3<25,"normal weight",J3<30,"overweight",J3>30,"obesity")} -> obesity | L3: 5.77 | M3: {=_xlfn.IFS(L3<5.7,"Normal",L3<6.5,"Prediabetes",L3>6.5,"Diabetes")} -> Prediabetes | N3: 1992 | O3: Nov | P3: 30 | Q3: =P3&"-"&O3&"-"&N3 -> 30-Nov-1992 | R3: =DATEDIF(Q3,"8-6-2023","y") -> 30 | S3: 570.62
A4: Id3 | B4: Lu, Mr. Phil | C4: Mr | D4: Phil | E4: Lu | G4: 2 | H4: No | I4: yes | J4: 38.095 | K4: {=_xlfn.IFS(J4<18.5,"underweight",J4<25,"normal weight",J4<30,"overweight",J4>30,"obesity")} -> obesity | L4: 6.05 | M4: {=_xlfn.IFS(L4<5.7,"Normal",L4<6.5,"Prediabetes",L4>6.5,"Diabetes")} -> Prediabetes | N4: 1993 | O4: Jun | P4: 30 | Q4: =P4&"-"&O4&"-"&N4 -> 30-Jun-1993 | R4: =DATEDIF(Q4,"8-6-2023","y") -> 30 | S4: 600
A5: Id4 | B5: Osborne, Ms. Kelsey | C5: Ms | D5: Kelsey | E5: Osborne | G5: 0 | H5: No | I5: yes | J5: 35.53 | K5: {=_xlfn.IFS(J5<18.5,"underweight",J5<25,"normal weight",J5<30,"overweight",J5>30,"obesity")} -> obesity | L5: 5.45 | M5: {=_xlfn.IFS(L5<5.7,"Normal",L5<6.5,"Prediabetes",L5>6.5,"Diabetes")} -> Normal | N5: 1992 | O5: Sep | P5: 13 | Q5: =P5&"-"&O5&"-"&N5 -> 13-Sep-1992 | R5: =DATEDIF(Q5,"8-6-2023","y") -> 30 | S5: 604.54
A6: Id5 | B6: Kadala, Ms. Kristyn | C6: Ms | D6: Kristyn | E6: Kadala | G6: 0 | H6: No | I6: yes | J6: 32.8 | K6: {=_xlfn.IFS(J6<18.5,"underweight",J6<25,"normal weight",J6<30,"overweight",J6>30,"obesity")} -> obesity | L6: 6.59 | M6: {=_xlfn.IFS(L6<5.7,"Normal",L6<6.5,"Prediabetes",L6>6.5,"Diabetes")} -> Diabetes | N6: 1998 | O6: Jul | P6: 27 | Q6: =P6&"-"&O6&"-"&N6 -> 27-Jul-1998 | R6: =DATEDIF(Q6,"8-6-2023","y") -> 25 | S6: 637.26
A7: Id6 | B7: Baker, Mr. Russell B. | C7: Mr | D7: Russell B | E7: Baker | G7: 0 | H7: No | I7: yes | J7: 36.4 | K7: {=_xlfn.IFS(J7<18.5,"underweight",J7<25,"normal weight",J7<30,"overweight",J7>30,"obesity")} -> obesity | L7: 6.07 | M7: {=_xlfn.IFS(L7<5.7,"Normal",L7<6.5,"Prediabetes",L7>6.5,"Diabetes")} -> Prediabetes | N7: 2001 | O7: Nov | P7: 20 | Q7: =P7&"-"&O7&"-"&N7 -> 20-Nov-2001 | R7: =DATEDIF(Q7,"8-6-2023","y") -> 21 | S7: 646.14
A8: Id7 | B8: Macpherson, Mr. Scott | C8: Mr | D8: Scott | E8: Macpherson | G8: 0 | H8: No | I8: yes | J8: 36.96 | K8: {=_xlfn.IFS(J8<18.5,"underweight",J8<25,"normal weight",J8<30,"overweight",J8>30,"obesity")} -> obesity | L8: 7.93 | M8: {=_xlfn.IFS(L8<5.7,"Normal",L8<6.5,"Prediabetes",L8>6.5,"Diabetes")} -> Diabetes | N8: 1993 | O8: Jun | P8: 1 | Q8: =P8&"-"&O8&"-"&N8 -> 1-Jun-1993 | R8: =DATEDIF(Q8,"8-6-2023","y") -> 30 | S8: 650
A9: Id8 | B9: Hallman, Mr. Stephen | C9: Mr | D9: Stephen | E9: Hallman | G9: 3 | H9: No | I9: yes | J9: 38.06 | K9: {=_xlfn.IFS(J9<18.5,"underweight",J9<25,"normal weight",J9<30,"overweight",J9>30,"obesity")} -> obesity | L9: 10.79 | M9: {=_xlfn.IFS(L9<5.7,"Normal",L9<6.5,"Prediabetes",L9>6.5,"Diabetes")} -> Diabetes | N9: 1995 | O9: Jul | P9: 4 | Q9: =P9&"-"&O9&"-"&N9 -> 4-Jul-1995 | R9: =DATEDIF(Q9,"8-6-2023","y") -> 28 | S9: 650
A10: Id9 | B10: Moran, Mr. Patrick R. | C10: Mr | D10: Patrick R | E10: Moran | G10: 1 | H10: No | I10: yes | J10: 42.13 | K10: {=_xlfn.IFS(J10<18.5,"underweight",J10<25,"normal weight",J10<30,"overweight",J10>30,"obesity")} -> obesity | L10: 11.9 | M10: {=_xlfn.IFS(L10<5.7,"Normal",L10<6.5,"Prediabetes",L10>6.5,"Diabetes")} -> Diabetes | N10: 2002 | O10: Nov | P10: 29 | Q10: =P10&"-"&O10&"-"&N10 -> 29-Nov-2002 | R10: =DATEDIF(Q10,"8-6-2023","y") -> 20 | S10: 668
A11: Id10 | B11: Benner, Ms. Brooke N. | C11: Ms | D11: Brooke N | E11: Benner | G11: 0 | H11: No | I11: yes | J11: 40.92 | K11: {=_xlfn.IFS(J11<18.5,"underweight",J11<25,"normal weight",J11<30,"overweight",J11>30,"obesity")} -> obesity | L11: 8.41 | M11: {=_xlfn.IFS(L11<5.7,"Normal",L11<6.5,"Prediabetes",L11>6.5,"Diabetes")} -> Diabetes | N11: 1997 | O11: Nov | P11: 9 | Q11: =P11&"-"&O11&"-"&N11 -> 9-Nov-1997 | R11: =DATEDIF(Q11,"8-6-2023","y") -> 25 | S11: 670
A12: Id11 | B12: Fierro Vargas, Ms. Paola Andrea | C12: Ms | D12: Paola Andrea | E12: Fierro Vargas | G12: 2 | H12: No | I12: yes | J12: 40.565 | K12: {=_xlfn.IFS(J12<18.5,"underweight",J12<25,"normal weight",J12<30,"overweight",J12>30,"obesity")} -> obesity | L12: 7.02 | M12: {=_xlfn.IFS(L12<5.7,"Normal",L12<6.5,"Prediabetes",L12>6.5,"Diabetes")} -> Diabetes | N12: 2001 | O12: Sep | P12: 12 | Q12: =P12&"-"&O12&"-"&N12 -> 12-Sep-2001 | R12: =DATEDIF(Q12,"8-6-2023","y") -> 21 | S12: 687.54
A13: Id12 | B13: Franz, Mr. David | C13: Mr | D13: David | E13: Franz | G13: 0 | H13: No | I13: yes | J13: 39.9 | K13: {=_xlfn.IFS(J13<18.5,"underweight",J13<25,"normal weight",J13<30,"overweight",J13>30,"obesity")} -> obesity | L13: 11.32 | M13: {=_xlfn.IFS(L13<5.7,"Normal",L13<6.5,"Prediabetes",L13>6.5,"Diabetes")} -> Diabetes | N13: 1999 | O13: Dec | P13: 26 | Q13: =P13&"-"&O13&"-"&N13 -> 26-Dec-1999 | R13: =DATEDIF(Q13,"8-6-2023","y") -> 23 | S13: 700
... A1050: Id1049 | B1050: Hempel, Ms. Alexandra | C1050: Ms | D1050: Alexandra | E1050: Hempel | G1050: 0 | H1050: No | I1050: No | J1050: 46.53 | K1050: {=_xlfn.IFS(J1050<18.5,"underweight",J1050<25,"normal weight",J1050<30,"overweight",J1050>30,"obesity")} -> obesity | L1050: 4.16 | M1050: {=_xlfn.IFS(L1050<5.7,"Normal",L1050<6.5,"Prediabetes",L1050>6.5,"Diabetes")} -> Normal | N1050: 1977 | O1050: Jul | P1050: 26 | Q1050: =P1050&"-"&O1050&"-"&N1050 -> 26-Jul-1977 | R1050: =DATEDIF(Q1050,"8-6-2023","y") -> 46 | S1050: 8527.53
A1051: Id1050 | B1051: McBroom, Ms. Tiffany | C1051: Ms | D1051: Tiffany | E1051: McBroom | G1051: 2 | H1051: No | I1051: No | J1051: 34.99 | K1051: {=_xlfn.IFS(J1051<18.5,"underweight",J1051<25,"normal weight",J1051<30,"overweight",J1051>30,"obesity")} -> obesity | L1051: 5.1 | M1051: {=_xlfn.IFS(L1051<5.7,"Normal",L1051<6.5,"Prediabetes",L1051>6.5,"Diabetes")} -> Normal | N1051: ? | O1051: Jul | P1051: 24 | Q1051: =P1051&"-"&O1051&"-"&N1051 -> 24-Jul-? | R1051: =DATEDIF(Q1051,"8-6-2023","y") -> #VALUE! | S1051: 8534.67
A1052: Id1051 | B1052: Yoo, Mrs. Rebecca J | C1052: Mrs | D1052: Rebecca J | E1052: Yoo | G1052: 0 | H1052: No | I1052: No | J1052: 17.05 | K1052: {=_xlfn.IFS(J1052<18.5,"underweight",J1052<25,"normal weight",J1052<30,"overweight",J1052>30,"obesity")} -> underweight | L1052: 5.3 | M1052: {=_xlfn.IFS(L1052<5.7,"Normal",L1052<6.5,"Prediabetes",L1052>6.5,"Diabetes")} -> Normal | N1052: 1981 | O1052: Dec | P1052: 27 | Q1052: =P1052&"-"&O1052&"-"&N1052 -> 27-Dec-1981 | R1052: =DATEDIF(Q1052,"8-6-2023","y") -> 41 | S1052: 8538.29
A1053: Id1052 | B1053: Rand, Mr. Austin T. | C1053: Mr | D1053: Austin T | E1053: Rand | G1053: 0 | H1053: No | I1053: No | J1053: 37.18 | K1053: {=_xlfn.IFS(J1053<18.5,"underweight",J1053<25,"normal weight",J1053<30,"overweight",J1053>30,"obesity")} -> obesity | L1053: 4.9 | M1053: {=_xlfn.IFS(L1053<5.7,"Normal",L1053<6.5,"Prediabetes",L1053>6.5,"Diabetes")} -> Normal | N1053: 1975 | O1053: Nov | P1053: 6 | Q1053: =P1053&"-"&O1053&"-"&N1053 -> 6-Nov-1975 | R1053: =DATEDIF(Q1053,"8-6-2023","y") -> 47 | S1053: 8539.67
A1054: Id1053 | B1054: Wolfe, Ms. Jamie T | C1054: Ms | D1054: Jamie T | E1054: Wolfe | G1054: 0 | H1054: No | I1054: No | J1054: 35.2 | K1054: {=_xlfn.IFS(J1054<18.5,"underweight",J1054<25,"normal weight",J1054<30,"overweight",J1054>30,"obesity")} -> obesity | L1054: 5.55 | M1054: {=_xlfn.IFS(L1054<5.7,"Normal",L1054<6.5,"Prediabetes",L1054>6.5,"Diabetes")} -> Normal | N1054: ? | O1054: Dec | P1054: 12 | Q1054: =P1054&"-"&O1054&"-"&N1054 -> 12-Dec-? | R1054: =DATEDIF(Q1054,"8-6-2023","y") -> #VALUE! | S1054: 8547.69
A1055: Id1054 | B1055: Vance, Mr. Matthew T. | C1055: Mr | D1055: Matthew T | E1055: Vance | G1055: 0 | H1055: No | I1055: No | J1055: 37.335 | K1055: {=_xlfn.IFS(J1055<18.5,"underweight",J1055<25,"normal weight",J1055<30,"overweight",J1055>30,"obesity")} -> obesity | L1055: 4.95 | M1055: {=_xlfn.IFS(L1055<5.7,"Normal",L1055<6.5,"Prediabetes",L1055>6.5,"Diabetes")} -> Normal | N1055: 1975 | O1055: Aug | P1055: 6 | Q1055: =P1055&"-"&O1055&"-"&N1055 -> 6-Aug-1975 | R1055: =DATEDIF(Q1055,"8-6-2023","y") -> 48 | S1055: 8551.35
A1056: Id1055 | B1056: Burnett, Mrs. Emily | C1056: Mrs | D1056: Emily | E1056: Burnett | G1056: 1 | H1056: No | I1056: No | J1056: 30.21 | K1056: {=_xlfn.IFS(J1056<18.5,"underweight",J1056<25,"normal weight",J1056<30,"overweight",J1056>30,"obesity")} -> obesity | L1056: 5.21 | M1056: {=_xlfn.IFS(L1056<5.7,"Normal",L1056<6.5,"Prediabetes",L1056>6.5,"Diabetes")} -> Normal | N1056: 1975 | O1056: Aug | P1056: 21 | Q1056: =P1056&"-"&O1056&"-"&N1056 -> 21-Aug-1975 | R1056: =DATEDIF(Q1056,"8-6-2023","y") -> 47 | S1056: 8556.91
A1057: Id1056 | B1057: Clason, Ms. Gillian | C1057: Ms | D1057: Gillian | E1057: Clason | G1057: 0 | H1057: No | I1057: No | J1057: 35.34 | K1057: {=_xlfn.IFS(J1057<18.5,"underweight",J1057<25,"normal weight",J1057<30,"overweight",J1057>30,"obesity")} -> obesity | L1057: 4.13 | M1057: {=_xlfn.IFS(L1057<5.7,"Normal",L1057<6.5,"Prediabetes",L1057>6.5,"Diabetes")} -> Normal | N1057: 1988 | O1057: Sep | P1057: 21 | Q1057: =P1057&"-"&O1057&"-"&N1057 -> 21-Sep-1988 | R1057: =DATEDIF(Q1057,"8-6-2023","y") -> 34 | S1057: 8567.25
A1058: Id1057 | B1058: Donnelly, Mrs. Brenn E. | C1058: Mrs | D1058: Brenn E | E1058: Donnelly | G1058: 1 | H1058: No | I1058: No | J1058: 26.695 | K1058: {=_xlfn.IFS(J1058<18.5,"underweight",J1058<25,"normal weight",J1058<30,"overweight",J1058>30,"obesity")} -> overweight | L1058: 5.28 | M1058: {=_xlfn.IFS(L1058<5.7,"Normal",L1058<6.5,"Prediabetes",L1058>6.5,"Diabetes")} -> Normal | N1058: 1975 | O1058: Sep | P1058: 26 | Q1058: =P1058&"-"&O1058&"-"&N1058 -> 26-Sep-1975 | R1058: =DATEDIF(Q1058,"8-6-2023","y") -> 47 | S1058: 8569.86
A1059: Id1058 | B1059: Pietz, Ms. Lisa M | C1059: Ms | D1059: Lisa M | E1059: Pietz | G1059: 0 | H1059: No | I1059: No | J1059: 29.59 | K1059: {=_xlfn.IFS(J1059<18.5,"underweight",J1059<25,"normal weight",J1059<30,"overweight",J1059>30,"obesity")} -> overweight | L1059: 4.06 | M1059: {=_xlfn.IFS(L1059<5.7,"Normal",L1059<6.5,"Prediabetes",L1059>6.5,"Diabetes")} -> Normal | N1059: 1982 | O1059: Dec | P1059: 6 | Q1059: =P1059&"-"&O1059&"-"&N1059 -> 6-Dec-1982 | R1059: =DATEDIF(Q1059,"8-6-2023","y") -> 40 | S1059: 8572.04
A1060: Id1059 | B1060: Tegenkamp, Mr. Matt | C1060: Mr | D1060: Matt | E1060: Tegenkamp | G1060: 2 | H1060: No | I1060: No | J1060: 31.35 | K1060: {=_xlfn.IFS(J1060<18.5,"underweight",J1060<25,"normal weight",J1060<30,"overweight",J1060>30,"obesity")} -> obesity | L1060: 4.2 | M1060: {=_xlfn.IFS(L1060<5.7,"Normal",L1060<6.5,"Prediabetes",L1060>6.5,"Diabetes")} -> Normal | N1060: 1987 | O1060: Nov | P1060: 11 | Q1060: =P1060&"-"&O1060&"-"&N1060 -> 11-Nov-1987 | R1060: =DATEDIF(Q1060,"8-6-2023","y") -> 35 | S1060: 8573.3
A1061: Id1060 | B1061: Dover, Mr. Thomas A. | C1061: Mr | D1061: Thomas A | E1061: Dover | G1061: 0 | H1061: No | I1061: No | J1061: 20.52 | K1061: {=_xlfn.IFS(J1061<18.5,"underweight",J1061<25,"normal weight",J1061<30,"overweight",J1061>30,"obesity")} -> normal weight | L1061: 4.83 | M1061: {=_xlfn.IFS(L1061<5.7,"Normal",L1061<6.5,"Prediabetes",L1061>6.5,"Diabetes")} -> Normal | N1061: 1983 | O1061: Dec | P1061: 30 | Q1061: =P1061&"-"&O1061&"-"&N1061 -> 30-Dec-1983 | R1061: =DATEDIF(Q1061,"8-6-2023","y") -> 39 | S1061: 8582.3
A1062: Id1061 | B1062: Dockemeyer, Mr. Kevin J | C1062: Mr | D1062: Kevin J | E1062: Dockemeyer | G1062: 2 | H1062: No | I1062: No | J1062: 24.6 | K1062: {=_xlfn.IFS(J1062<18.5,"underweight",J1062<25,"normal weight",J1062<30,"overweight",J1062>30,"obesity")} -> normal weight | L1062: 5.86 | M1062: {=_xlfn.IFS(L1062<5.7,"Normal",L1062<6.5,"Prediabetes",L1062>6.5,"Diabetes")} -> Prediabetes | N1062: 1983 | O1062: Jul | P1062: 25 | Q1062: =P1062&"-"&O1062&"-"&N1062 -> 25-Jul-1983 | R1062: =DATEDIF(Q1062,"8-6-2023","y") -> 40 | S1062: 8596.83
A1063: Id1062 | B1063: Steele, Mr. William H. III | C1063: Mr | D1063: William H | E1063: Steele | G1063: 2 | H1063: No | I1063: No | J1063: 28.405 | K1063: {=_xlfn.IFS(J1063<18.5,"underweight",J1063<25,"normal weight",J1063<30,"overweight",J1063>30,"obesity")} -> overweight | L1063: 4.12 | M1063: {=_xlfn.IFS(L1063<5.7,"Normal",L1063<6.5,"Prediabetes",L1063>6.5,"Diabetes")} -> Normal | N1063: 1973 | O1063: Jul | P1063: 11 | Q1063: =P1063&"-"&O1063&"-"&N1063 -> 11-Jul-1973 | R1063: =DATEDIF(Q1063,"8-6-2023","y") -> 50 | S1063: 8601.33
A1064: Id1063 | B1064: Harel, Mr. Gal | C1064: Mr | D1064: Gal | E1064: Harel | G1064: 0 | H1064: No | I1064: No | J1064: 18.85 | K1064: {=_xlfn.IFS(J1064<18.5,"underweight",J1064<25,"normal weight",J1064<30,"overweight",J1064>30,"obesity")} -> normal weight | L1064: 6.03 | M1064: {=_xlfn.IFS(L1064<5.7,"Normal",L1064<6.5,"Prediabetes",L1064>6.5,"Diabetes")} -> Prediabetes | N1064: 1977 | O1064: Sep | P1064: 24 | Q1064: =P1064&"-"&O1064&"-"&N1064 -> 24-Sep-1977 | R1064: =DATEDIF(Q1064,"8-6-2023","y") -> 45 | S1064: 8603.82
A1065: Id1064 | B1065: Aguila, Mr. Anton | C1065: Mr | D1065: Anton | E1065: Aguila | G1065: 2 | H1065: No | I1065: No | J1065: 34.13 | K1065: {=_xlfn.IFS(J1065<18.5,"underweight",J1065<25,"normal weight",J1065<30,"overweight",J1065>30,"obesity")} -> obesity | L1065: 5.65 | M1065: {=_xlfn.IFS(L1065<5.7,"Normal",L1065<6.5,"Prediabetes",L1065>6.5,"Diabetes")} -> Normal | N1065: 1977 | O1065: Nov | P1065: 12 | Q1065: =P1065&"-"&O1065&"-"&N1065 -> 12-Nov-1977 | R1065: =DATEDIF(Q1065,"8-6-2023","y") -> 45 | S1065: 8604.48
A1066: Id1065 | B1066: Vallejo Sarmiento, Ms. Yazmin | C1066: Ms | D1066: Yazmin | E1066: Vallejo Sarmiento | G1066: 1 | H1066: No | I1066: No | J1066: 17.34 | K1066: {=_xlfn.IFS(J1066<18.5,"underweight",J1066<25,"normal weight",J1066<30,"overweight",J1066>30,"obesity")} -> underweight | L1066: 5.05 | M1066: {=_xlfn.IFS(L1066<5.7,"Normal",L1066<6.5,"Prediabetes",L1066>6.5,"Diabetes")} -> Normal | N1066: 1977 | O1066: Oct | P1066: 15 | Q1066: =P1066&"-"&O1066&"-"&N1066 -> 15-Oct-1977 | R1066: =DATEDIF(Q1066,"8-6-2023","y") -> 45 | S1066: 8605.36
... A2336: Id2335 | B2336: German, Mr. Aaron K | C2336: Mr | D2336: Aaron K | E2336: German | G2336: 1 | H2336: yes | I2336: No | J2336: 22.24 | K2336: {=_xlfn.IFS(J2336<18.5,"underweight",J2336<25,"normal weight",J2336<30,"overweight",J2336>30,"obesity")} -> normal weight | L2336: 4.29 | M2336: {=_xlfn.IFS(L2336<5.7,"Normal",L2336<6.5,"Prediabetes",L2336>6.5,"Diabetes")} -> Normal | N2336: 1963 | O2336: Sep | P2336: 4 | Q2336: =P2336&"-"&O2336&"-"&N2336 -> 4-Sep-1963 | R2336: =DATEDIF(Q2336,"8-6-2023","y") -> 59 | S2336: 48970.25
N2337: 1958 | O2337: Jun | P2337: 27 | Q2337: =P2337&"-"&O2337&"-"&N2337 -> 27-Jun-1958 | R2337: =DATEDIF(Q2337,"8-6-2023","y") -> 65 | S2337: 49577.66
N2338: 1994 | O2338: Oct | P2338: 27 | Q2338: =P2338&"-"&O2338&"-"&N2338 -> 27-Oct-1994 | R2338: =DATEDIF(Q2338,"8-6-2023","y") -> 28 | S2338: 51194.56
N2339: 1962 | O2339: Aug | P2339: 4 | Q2339: =P2339&"-"&O2339&"-"&N2339 -> 4-Aug-1962 | R2339: =DATEDIF(Q2339,"8-6-2023","y") -> 61 | S2339: 52590.83
N2340: 1989 | O2340: Jun | P2340: 19 | Q2340: =P2340&"-"&O2340&"-"&N2340 -> 19-Jun-1989 | R2340: =DATEDIF(Q2340,"8-6-2023","y") -> 34 | S2340: 55135.4
N2341: 1991 | O2341: Jun | P2341: 6 | Q2341: =P2341&"-"&O2341&"-"&N2341 -> 6-Jun-1991 | R2341: =DATEDIF(Q2341,"8-6-2023","y") -> 32 | S2341: 58571.07
N2342: 1970 | O2342: ? | P2342: 11 | Q2342: =P2342&"-"&O2342&"-"&N2342 -> 11-?-1970 | R2342: =DATEDIF(Q2342,"8-6-2023","y") -> #VALUE! | S2342: 60021.4
N2343: 1977 | O2343: Jun | P2343: 8 | Q2343: =P2343&"-"&O2343&"-"&N2343 -> 8-Jun-1977 | R2343: =DATEDIF(Q2343,"8-6-2023","y") -> 46 | S2343: 62592.87
N2344: 1968 | O2344: Oct | P2344: 12 | Q2344: =P2344&"-"&O2344&"-"&N2344 -> 12-Oct-1968 | R2344: =DATEDIF(Q2344,"8-6-2023","y") -> 54 | S2344: 63770.43

Sheet health care
A1: Customer ID | B1: Name | C1: BMI | D1: HBA1C | E1: Heart Issues | F1: Any Transplants | G1: Cancer history | H1: NumberOfMajorSurgeries | I1: smoker | J1: weight status | K1: Diabetes Status | L1: Date of Birth | M1: charges | N1: Hospital tier | O1: City tier | P1: State ID | Q1: Age
A2: Id1 | B2: =VLOOKUP($A2,'Data Transformation'!$A$2:$D$2336,4,) -> Kelly | C2: =VLOOKUP($A2,'Medical Examinations'!$A$2:$B$2336,2,) -> 47.41 | D2: =VLOOKUP($A2,'Medical Examinations'!$A$2:$C$2336,3,) -> 7.47 | E2: =VLOOKUP($A2,'Medical Examinations'!$A$2:$D$2336,4,) -> No | F2: =VLOOKUP($A2,'Medical Examinations'!$A$2:$E$2336,5,) -> No | G2: =VLOOKUP($A2,'Medical Examinations'!$A$2:$F$2336,6,) -> No | H2: =VLOOKUP($A2,'Data Transformation'!$A$2:$G$2336,7,) -> 0 | I2: =VLOOKUP($A2,'Medical Examinations'!$A$2:$H$2336,8,) -> yes | J2: =VLOOKUP($A2,'Data Transformation'!$A$2:$K$2336,11,) -> obesity | K2: =VLOOKUP($A2,'Data Transformation'!$A$2:$M$2336,13,) -> Diabetes | L2: =VLOOKUP(A2,'Data Transformation'!A2:Q2336,17,) -> 9-Jul-1992 | M2: =VLOOKUP($A2,'Hospitalisation Details'!$A$2:$I$2344,6,) -> 63770.43 | N2: =VLOOKUP($A2,'Hospitalisation Details'!$A$2:$I$2344,7,) -> tier - 1 | O2: =VLOOKUP($A2,'Hospitalisation Details'!$A$2:$I$2344,8,) -> tier - 3 | P2: =VLOOKUP($A2,'Hospitalisation Details'!$A$2:$I$2344,9,) -> R1013 | Q2: =VLOOKUP(A2,'Data Transformation'!A2:R2336,18,) -> 31
A3: Id2 | B3: =VLOOKUP($A3,'Data Transformation'!$A$2:$D$2336,4,) -> Matthew D | C3: =VLOOKUP($A3,'Medical Examinations'!$A$2:$B$2336,2,) -> 30.36 | D3: =VLOOKUP($A3,'Medical Examinations'!$A$2:$C$2336,3,) -> 5.77 | E3: =VLOOKUP($A3,'Medical Examinations'!$A$2:$D$2336,4,) -> No | F3: =VLOOKUP($A3,'Medical Examinations'!$A$2:$E$2336,5,) -> No | G3: =VLOOKUP($A3,'Medical Examinations'!$A$2:$F$2336,6,) -> No | H3: =VLOOKUP($A3,'Data Transformation'!$A$2:$G$2336,7,) -> 0 | I3: =VLOOKUP($A3,'Medical Examinations'!$A$2:$H$2336,8,) -> yes | J3: =VLOOKUP($A3,'Data Transformation'!$A$2:$K$2336,11,) -> obesity | K3: =VLOOKUP($A3,'Data Transformation'!$A$2:$M$2336,13,) -> Prediabetes | L3: =VLOOKUP(A3,'Data Transformation'!A3:Q2337,17,) -> 30-Nov-1992 | M3: =VLOOKUP($A3,'Hospitalisation Details'!$A$2:$I$2344,6,) -> 62592.87 | N3: =VLOOKUP($A3,'Hospitalisation Details'!$A$2:$I$2344,7,) -> tier - 2 | O3: =VLOOKUP($A3,'Hospitalisation Details'!$A$2:$I$2344,8,) -> tier - 3 | P3: =VLOOKUP($A3,'Hospitalisation Details'!$A$2:$I$2344,9,) -> R1013 | Q3: =VLOOKUP(A3,'Data Transformation'!A3:R2337,18,) -> 30
A4: Id3 | B4: =VLOOKUP($A4,'Data Transformation'!$A$2:$D$2336,4,) -> Phil | C4: =VLOOKUP($A4,'Medical Examinations'!$A$2:$B$2336,2,) -> 34.485 | D4: =VLOOKUP($A4,'Medical Examinations'!$A$2:$C$2336,3,) -> 11.87 | E4: =VLOOKUP($A4,'Medical Examinations'!$A$2:$D$2336,4,) -> yes | F4: =VLOOKUP($A4,'Medical Examinations'!$A$2:$E$2336,5,) -> No | G4: =VLOOKUP($A4,'Medical Examinations'!$A$2:$F$2336,6,) -> No | H4: =VLOOKUP($A4,'Data Transformation'!$A$2:$G$2336,7,) -> 2 | I4: =VLOOKUP($A4,'Medical Examinations'!$A$2:$H$2336,8,) -> yes | J4: =VLOOKUP($A4,'Data Transformation'!$A$2:$K$2336,11,) -> obesity | K4: =VLOOKUP($A4,'Data Transformation'!$A$2:$M$2336,13,) -> Prediabetes | L4: =VLOOKUP(A4,'Data Transformation'!A4:Q2338,17,) -> 30-Jun-1993 | M4: =VLOOKUP($A4,'Hospitalisation Details'!$A$2:$I$2344,6,) -> 60021.4 | N4: =VLOOKUP($A4,'Hospitalisation Details'!$A$2:$I$2344,7,) -> tier - 1 | O4: =VLOOKUP($A4,'Hospitalisation Details'!$A$2:$I$2344,8,) -> tier - 1 | P4: =VLOOKUP($A4,'Hospitalisation Details'!$A$2:$I$2344,9,) -> R1012 | Q4: =VLOOKUP(A4,'Data Transformation'!A4:R2338,18,) -> 30
A5: Id4 | B5: =VLOOKUP($A5,'Data Transformation'!$A$2:$D$2336,4,) -> Kelsey | C5: =VLOOKUP($A5,'Medical Examinations'!$A$2:$B$2336,2,) -> 38.095 | D5: =VLOOKUP($A5,'Medical Examinations'!$A$2:$C$2336,3,) -> 6.05 | E5: =VLOOKUP($A5,'Medical Examinations'!$A$2:$D$2336,4,) -> No | F5: =VLOOKUP($A5,'Medical Examinations'!$A$2:$E$2336,5,) -> No | G5: =VLOOKUP($A5,'Medical Examinations'!$A$2:$F$2336,6,) -> No | H5: =VLOOKUP($A5,'Data Transformation'!$A$2:$G$2336,7,) -> 0 | I5: =VLOOKUP($A5,'Medical Examinations'!$A$2:$H$2336,8,) -> yes | J5: =VLOOKUP($A5,'Data Transformation'!$A$2:$K$2336,11,) -> obesity | K5: =VLOOKUP($A5,'Data Transformation'!$A$2:$M$2336,13,) -> Normal | L5: =VLOOKUP(A5,'Data Transformation'!A5:Q2339,17,) -> 13-Sep-1992 | M5: =VLOOKUP($A5,'Hospitalisation Details'!$A$2:$I$2344,6,) -> 58571.07 | N5: =VLOOKUP($A5,'Hospitalisation Details'!$A$2:$I$2344,7,) -> tier - 1 | O5: =VLOOKUP($A5,'Hospitalisation Details'!$A$2:$I$2344,8,) -> tier - 3 | P5: =VLOOKUP($A5,'Hospitalisation Details'!$A$2:$I$2344,9,) -> R1024 | Q5: =VLOOKUP(A5,'Data Transformation'!A5:R2339,18,) -> 30
A6: Id5 | B6: =VLOOKUP($A6,'Data Transformation'!$A$2:$D$2336,4,) -> Kristyn | C6: =VLOOKUP($A6,'Medical Examinations'!$A$2:$B$2336,2,) -> 35.53 | D6: =VLOOKUP($A6,'Medical Examinations'!$A$2:$C$2336,3,) -> 5.45 | E6: =VLOOKUP($A6,'Medical Examinations'!$A$2:$D$2336,4,) -> No | F6: =VLOOKUP($A6,'Medical Examinations'!$A$2:$E$2336,5,) -> No | G6: =VLOOKUP($A6,'Medical Examinations'!$A$2:$F$2336,6,) -> No | H6: =VLOOKUP($A6,'Data Transformation'!$A$2:$G$2336,7,) -> 0 | I6: =VLOOKUP($A6,'Medical Examinations'!$A$2:$H$2336,8,) -> yes | J6: =VLOOKUP($A6,'Data Transformation'!$A$2:$K$2336,11,) -> obesity | K6: =VLOOKUP($A6,'Data Transformation'!$A$2:$M$2336,13,) -> Diabetes | L6: =VLOOKUP(A6,'Data Transformation'!A6:Q2340,17,) -> 27-Jul-1998 | M6: =VLOOKUP($A6,'Hospitalisation Details'!$A$2:$I$2344,6,) -> 55135.4 | N6: =VLOOKUP($A6,'Hospitalisation Details'!$A$2:$I$2344,7,) -> tier - 1 | O6: =VLOOKUP($A6,'Hospitalisation Details'!$A$2:$I$2344,8,) -> tier - 2 | P6: =VLOOKUP($A6,'Hospitalisation Details'!$A$2:$I$2344,9,) -> R1012 | Q6: =VLOOKUP(A6,'Data Transformation'!A6:R2340,18,) -> 25
A7: Id6 | B7: =VLOOKUP($A7,'Data Transformation'!$A$2:$D$2336,4,) -> Russell B | C7: =VLOOKUP($A7,'Medical Examinations'!$A$2:$B$2336,2,) -> 32.8 | D7: =VLOOKUP($A7,'Medical Examinations'!$A$2:$C$2336,3,) -> 6.59 | E7: =VLOOKUP($A7,'Medical Examinations'!$A$2:$D$2336,4,) -> No | F7: =VLOOKUP($A7,'Medical Examinations'!$A$2:$E$2336,5,) -> No | G7: =VLOOKUP($A7,'Medical Examinations'!$A$2:$F$2336,6,) -> No | H7: =VLOOKUP($A7,'Data Transformation'!$A$2:$G$2336,7,) -> 0 | I7: =VLOOKUP($A7,'Medical Examinations'!$A$2:$H$2336,8,) -> yes | J7: =VLOOKUP($A7,'Data Transformation'!$A$2:$K$2336,11,) -> obesity | K7: =VLOOKUP($A7,'Data Transformation'!$A$2:$M$2336,13,) -> Prediabetes | L7: =VLOOKUP(A7,'Data Transformation'!A7:Q2341,17,) -> 20-Nov-2001 | M7: =VLOOKUP($A7,'Hospitalisation Details'!$A$2:$I$2344,6,) -> 52590.83 | N7: =VLOOKUP($A7,'Hospitalisation Details'!$A$2:$I$2344,7,) -> tier - 1 | O7: =VLOOKUP($A7,'Hospitalisation Details'!$A$2:$I$2344,8,) -> tier - 3 | P7: =VLOOKUP($A7,'Hospitalisation Details'!$A$2:$I$2344,9,) -> R1011 | Q7: =VLOOKUP(A7,'Data Transformation'!A7:R2341,18,) -> 21
A8: Id7 | B8: =VLOOKUP($A8,'Data Transformation'!$A$2:$D$2336,4,) -> Scott | C8: =VLOOKUP($A8,'Medical Examinations'!$A$2:$B$2336,2,) -> 36.4 | D8: =VLOOKUP($A8,'Medical Examinations'!$A$2:$C$2336,3,) -> 6.07 | E8: =VLOOKUP($A8,'Medical Examinations'!$A$2:$D$2336,4,) -> No | F8: =VLOOKUP($A8,'Medical Examinations'!$A$2:$E$2336,5,) -> No | G8: =VLOOKUP($A8,'Medical Examinations'!$A$2:$F$2336,6,) -> No | H8: =VLOOKUP($A8,'Data Transformation'!$A$2:$G$2336,7,) -> 0 | I8: =VLOOKUP($A8,'Medical Examinations'!$A$2:$H$2336,8,) -> yes | J8: =VLOOKUP($A8,'Data Transformation'!$A$2:$K$2336,11,) -> obesity | K8: =VLOOKUP($A8,'Data Transformation'!$A$2:$M$2336,13,) -> Diabetes | L8: =VLOOKUP(A8,'Data Transformation'!A8:Q2342,17,) -> 1-Jun-1993 | M8: =VLOOKUP($A8,'Hospitalisation Details'!$A$2:$I$2344,6,) -> 51194.56 | N8: =VLOOKUP($A8,'Hospitalisation Details'!$A$2:$I$2344,7,) -> tier - 1 | O8: =VLOOKUP($A8,'Hospitalisation Details'!$A$2:$I$2344,8,) -> tier - 3 | P8: =VLOOKUP($A8,'Hospitalisation Details'!$A$2:$I$2344,9,) -> R1011 | Q8: =VLOOKUP(A8,'Data Transformation'!A8:R2342,18,) -> 30
A9: Id8 | B9: =VLOOKUP($A9,'Data Transformation'!$A$2:$D$2336,4,) -> Stephen | C9: =VLOOKUP($A9,'Medical Examinations'!$A$2:$B$2336,2,) -> 36.96 | D9: =VLOOKUP($A9,'Medical Examinations'!$A$2:$C$2336,3,) -> 7.93 | E9: =VLOOKUP($A9,'Medical Examinations'!$A$2:$D$2336,4,) -> No | F9: =VLOOKUP($A9,'Medical Examinations'!$A$2:$E$2336,5,) -> No | G9: =VLOOKUP($A9,'Medical Examinations'!$A$2:$F$2336,6,) -> No | H9: =VLOOKUP($A9,'Data Transformation'!$A$2:$G$2336,7,) -> 3 | I9: =VLOOKUP($A9,'Medical Examinations'!$A$2:$H$2336,8,) -> yes | J9: =VLOOKUP($A9,'Data Transformation'!$A$2:$K$2336,11,) -> obesity | K9: =VLOOKUP($A9,'Data Transformation'!$A$2:$M$2336,13,) -> Diabetes | L9: =VLOOKUP(A9,'Data Transformation'!A9:Q2343,17,) -> 4-Jul-1995 | M9: =VLOOKUP($A9,'Hospitalisation Details'!$A$2:$I$2344,6,) -> 49577.66 | N9: =VLOOKUP($A9,'Hospitalisation Details'!$A$2:$I$2344,7,) -> tier - 2 | O9: =VLOOKUP($A9,'Hospitalisation Details'!$A$2:$I$2344,8,) -> tier - 2 | P9: =VLOOKUP($A9,'Hospitalisation Details'!$A$2:$I$2344,9,) -> R1013 | Q9: =VLOOKUP(A9,'Data Transformation'!A9:R2343,18,) -> 28
A10: Id9 | B10: =VLOOKUP($A10,'Data Transformation'!$A$2:$D$2336,4,) -> Patrick R | C10: =VLOOKUP($A10,'Medical Examinations'!$A$2:$B$2336,2,) -> 41.14 | D10: =VLOOKUP($A10,'Medical Examinations'!$A$2:$C$2336,3,) -> 9.58 | E10: =VLOOKUP($A10,'Medical Examinations'!$A$2:$D$2336,4,) -> yes | F10: =VLOOKUP($A10,'Medical Examinations'!$A$2:$E$2336,5,) -> No | G10: =VLOOKUP($A10,'Medical Examinations'!$A$2:$F$2336,6,) -> Yes | H10: =VLOOKUP($A10,'Data Transformation'!$A$2:$G$2336,7,) -> 1 | I10: =VLOOKUP($A10,'Medical Examinations'!$A$2:$H$2336,8,) -> yes | J10: =VLOOKUP($A10,'Data Transformation'!$A$2:$K$2336,11,) -> obesity | K10: =VLOOKUP($A10,'Data Transformation'!$A$2:$M$2336,13,) -> Diabetes | L10: =VLOOKUP(A10,'Data Transformation'!A10:Q2344,17,) -> 29-Nov-2002 | M10: =VLOOKUP($A10,'Hospitalisation Details'!$A$2:$I$2344,6,) -> 48970.25 | N10: =VLOOKUP($A10,'Hospitalisation Details'!$A$2:$I$2344,7,) -> tier - 1 | O10: =VLOOKUP($A10,'Hospitalisation Details'!$A$2:$I$2344,8,) -> tier - 2 | P10: =VLOOKUP($A10,'Hospitalisation Details'!$A$2:$I$2344,9,) -> R1013 | Q10: =VLOOKUP(A10,'Data Transformation'!A10:R2344,18,) -> 20
A11: Id10 | B11: =VLOOKUP($A11,'Data Transformation'!$A$2:$D$2336,4,) -> Brooke N | C11: =VLOOKUP($A11,'Medical Examinations'!$A$2:$B$2336,2,) -> 38.06 | D11: =VLOOKUP($A11,'Medical Examinations'!$A$2:$C$2336,3,) -> 10.79 | E11: =VLOOKUP($A11,'Medical Examinations'!$A$2:$D$2336,4,) -> No | F11: =VLOOKUP($A11,'Medical Examinations'!$A$2:$E$2336,5,) -> No | G11: =VLOOKUP($A11,'Medical Examinations'!$A$2:$F$2336,6,) -> No | H11: =VLOOKUP($A11,'Data Transformation'!$A$2:$G$2336,7,) -> 0 | I11: =VLOOKUP($A11,'Medical Examinations'!$A$2:$H$2336,8,) -> yes | J11: =VLOOKUP($A11,'Data Transformation'!$A$2:$K$2336,11,) -> obesity | K11: =VLOOKUP($A11,'Data Transformation'!$A$2:$M$2336,13,) -> Diabetes | L11: =VLOOKUP(A11,'Data Transformation'!A11:Q2345,17,) -> 9-Nov-1997 | M11: =VLOOKUP($A11,'Hospitalisation Details'!$A$2:$I$2344,6,) -> 48885.14 | N11: =VLOOKUP($A11,'Hospitalisation Details'!$A$2:$I$2344,7,) -> tier - 1 | O11: =VLOOKUP($A11,'Hospitalisation Details'!$A$2:$I$2344,8,) -> tier - 2 | P11: =VLOOKUP($A11,'Hospitalisation Details'!$A$2:$I$2344,9,) -> R1013 | Q11: =VLOOKUP(A11,'Data Transformation'!A11:R2345,18,) -> 25
A12: Id11 | B12: =VLOOKUP($A12,'Data Transformation'!$A$2:$D$2336,4,) -> Paola Andrea | C12: =VLOOKUP($A12,'Medical Examinations'!$A$2:$B$2336,2,) -> 37.7 | D12: =VLOOKUP($A12,'Medical Examinations'!$A$2:$C$2336,3,) -> 5.96 | E12: =VLOOKUP($A12,'Medical Examinations'!$A$2:$D$2336,4,) -> yes | F12: =VLOOKUP($A12,'Medical Examinations'!$A$2:$E$2336,5,) -> No | G12: =VLOOKUP($A12,'Medical Examinations'!$A$2:$F$2336,6,) -> No | H12: =VLOOKUP($A12,'Data Transformation'!$A$2:$G$2336,7,) -> 2 | I12: =VLOOKUP($A12,'Medical Examinations'!$A$2:$H$2336,8,) -> yes | J12: =VLOOKUP($A12,'Data Transformation'!$A$2:$K$2336,11,) -> obesity | K12: =VLOOKUP($A12,'Data Transformation'!$A$2:$M$2336,13,) -> Diabetes | L12: =VLOOKUP(A12,'Data Transformation'!A12:Q2346,17,) -> 12-Sep-2001 | M12: =VLOOKUP($A12,'Hospitalisation Details'!$A$2:$I$2344,6,) -> 48824.45 | N12: =VLOOKUP($A12,'Hospitalisation Details'!$A$2:$I$2344,7,) -> tier - 2 | O12: =VLOOKUP($A12,'Hospitalisation Details'!$A$2:$I$2344,8,) -> tier - 1 | P12: =VLOOKUP($A12,'Hospitalisation Details'!$A$2:$I$2344,9,) -> R1011 | Q12: =VLOOKUP(A12,'Data Transformation'!A12:R2346,18,) -> 21
A13: Id12 | B13: =VLOOKUP($A13,'Data Transformation'!$A$2:$D$2336,4,) -> David | C13: =VLOOKUP($A13,'Medical Examinations'!$A$2:$B$2336,2,) -> 42.13 | D13: =VLOOKUP($A13,'Medical Examinations'!$A$2:$C$2336,3,) -> 11.9 | E13: =VLOOKUP($A13,'Medical Examinations'!$A$2:$D$2336,4,) -> No | F13: =VLOOKUP($A13,'Medical Examinations'!$A$2:$E$2336,5,) -> No | G13: =VLOOKUP($A13,'Medical Examinations'!$A$2:$F$2336,6,) -> No | H13: =VLOOKUP($A13,'Data Transformation'!$A$2:$G$2336,7,) -> 0 | I13: =VLOOKUP($A13,'Medical Examinations'!$A$2:$H$2336,8,) -> yes | J13: =VLOOKUP($A13,'Data Transformation'!$A$2:$K$2336,11,) -> obesity | K13: =VLOOKUP($A13,'Data Transformation'!$A$2:$M$2336,13,) -> Diabetes | L13: =VLOOKUP(A13,'Data Transformation'!A13:Q2347,17,) -> 26-Dec-1999 | M13: =VLOOKUP($A13,'Hospitalisation Details'!$A$2:$I$2344,6,) -> 48675.52 | N13: =VLOOKUP($A13,'Hospitalisation Details'!$A$2:$I$2344,7,) -> tier - 1 | O13: =VLOOKUP($A13,'Hospitalisation Details'!$A$2:$I$2344,8,) -> tier - 2 | P13: =VLOOKUP($A13,'Hospitalisation Details'!$A$2:$I$2344,9,) -> R1013 | Q13: =VLOOKUP(A13,'Data Transformation'!A13:R2347,18,) -> 23
... A2336: Id2335 | B2336: =VLOOKUP($A2336,'Data Transformation'!$A$2:$D$2336,4,) -> Aaron K | C2336: =VLOOKUP($A2336,'Medical Examinations'!$A$2:$B$2336,2,) -> 17.58 | D2336: =VLOOKUP($A2336,'Medical Examinations'!$A$2:$C$2336,3,) -> 4.51 | E2336: =VLOOKUP($A2336,'Medical Examinations'!$A$2:$D$2336,4,) -> No | F2336: =VLOOKUP($A2336,'Medical Examinations'!$A$2:$E$2336,5,) -> No | G2336: =VLOOKUP($A2336,'Medical Examinations'!$A$2:$F$2336,6,) -> No | H2336: =VLOOKUP($A2336,'Data Transformation'!$A$2:$G$2336,7,) -> 1 | I2336: =VLOOKUP($A2336,'Medical Examinations'!$A$2:$H$2336,8,) -> No | J2336: =VLOOKUP($A2336,'Data Transformation'!$A$2:$K$2336,11,) -> normal weight | K2336: =VLOOKUP($A2336,'Data Transformation'!$A$2:$M$2336,13,) -> Normal | L2336: =VLOOKUP(A2336,'Data Transformation'!A2336:Q4670,17,) -> 4-Sep-1963 | M2336: =VLOOKUP($A2336,'Hospitalisation Details'!$A$2:$I$2344,6,) -> 563.84 | N2336: =VLOOKUP($A2336,'Hospitalisation Details'!$A$2:$I$2344,7,) -> tier - 2 | O2336: =VLOOKUP($A2336,'Hospitalisation Details'!$A$2:$I$2344,8,) -> tier - 3 | P2336: =VLOOKUP($A2336,'Hospitalisation Details'!$A$2:$I$2344,9,) -> R1013 | Q2336: =VLOOKUP(A2336,'Data Transformation'!A2336:R4670,18,) -> 59

Sheet pivot table
A3: Row Labels | B3: Count of smoker
A4: No | B4: 1944
A5: Yes | B5: 391
A6: Grand Total | B6: 2335
A12: Row Labels | B12: Average of HBA1C
A13: 0 | B13: 7.1031378
A14: 1 | B14: 5.811658
A15: 2 | B15: 7.0210949
A16: 3 | B16: 9.1436364
A17: Grand Total | B17: 6.5789979
A21: Row Labels | B21: Sum of charges | C21: Count of Diabetes Status
A22: normal weight | B22: 5090670.7 | C22: 437
A23: obesity | B23: 18764904 | C23: 1218
A24: overweight | B24: 6249151.3 | C24: 501
A25: underweight | B25: 1448534.3 | C25: 176
A26: #N/A | B26: 39098.5 | C26: 3
A27: Grand Total | B27: 31592359 | C27: #N/A
A30: Row Labels | B30: Average of charges
A31: tier - 1 | B31: 30129.199
A32: R1011 | B32: 33081.374
A33: R1012 | B33: 26111.458
A34: R1013 | B34: 31328.102
A35: R1014 | B35: 13891.86
A36: R1015 | B36: 21523.52
A37: R1016 | B37: 39868.616
A38: R1017 | B38: 34070.596
A39: R1018 | B39: 33475.82
A40: R1019 | B40: 27621.61
A41: R1023 | B41: 18261.757
A42: R1024 | B42: 32732.187
... A81: Grand Total | B81: 13529.918
A85: Row Labels | B85: Sum of BMI | C85: Sum of HBA1C
A86: 18 | B86: 2338.355 | C86: 451.69
A87: 19 | B87: 3281.27 | C87: 647.21
A88: 20 | B88: 1891.885 | C88: 396.19
A89: 21 | B89: 1656.82 | C89: 339.37
A90: 22 | B90: 1726.61 | C90: 339.2
A91: 23 | B91: 1664.405 | C91: 317.06
A92: 24 | B92: 1364.095 | C92: 267.39
A93: 25 | B93: 1913.24 | C93: 401.58
A94: 26 | B94: 1294.73 | C94: 306.03
A95: 27 | B95: 1774.985 | C95: 333.91
A96: 28 | B96: 1633.47 | C96: 340.48
A97: 29 | B97: 1721.68 | C97: 395.69
... A133: 65 | B133: 184.935 | C133: 38.33
A134: #VALUE! | B134: 129.78 | C134: 28.92
A135: Grand Total | B135: 72321.135 | C135: 15361.96
A139: Row Labels | B139: Sum of charges
A140: 18 | B140: 1895944
A141: 19 | B141: 2513379.1
A142: 20 | B142: 1568736
A143: 21 | B143: 1504686.9
A144: 22 | B144: 1198717
A145: 23 | B145: 1062320.1
A146: 24 | B146: 1098774.9
A147: 25 | B147: 1265116.6
A148: 26 | B148: 1002786.3
A149: 27 | B149: 1019637.7
A150: 28 | B150: 1155372.7
A151: 29 | B151: 919603.09
... A187: 65 | B187: 35396.19
A188: #VALUE! | B188: 117825.44
A189: Grand Total | B189: 31592359

Sheet Dashboard creation
